Date,Store ID,Product ID,Category,Region,Inventory Level,Units Sold,Units Ordered,Demand Forecast,Price,Discount,Weather Condition,Holiday/Promotion,Competitor Pricing,Seasonality,,
01-01-2022,S001,P0001,Groceries,North,231,127,55,135.47,33.5,20,Rainy,0,29.69,Autumn,,
01-01-2022,S001,P0002,Toys,South,204,150,66,144.04,63.01,20,Sunny,0,66.16,Autumn,,
01-01-2022,S001,P0003,Toys,West,102,65,51,74.02,27.99,10,Sunny,1,31.32,Summer,,
01-01-2022,S001,P0004,Toys,North,469,61,164,62.18,32.72,10,Cloudy,1,34.74,Autumn,,
01-01-2022,S001,P0005,Electronics,East,166,14,135,9.26,73.64,0,Sunny,0,68.95,Summer,,
01-01-2022,S001,P0006,Groceries,South,138,128,102,139.82,76.83,10,Sunny,1,79.35,Winter,,
01-01-2022,S001,P0007,Furniture,East,359,97,167,108.92,34.16,10,Rainy,1,36.55,Winter,,
01-01-2022,S001,P0008,Clothing,North,380,312,54,329.73,97.99,5,Cloudy,0,100.09,Spring,,
01-01-2022,S001,P0009,Electronics,West,183,175,135,174.15,20.74,10,Cloudy,0,17.66,Autumn,,
01-01-2022,S001,P0010,Toys,South,108,28,196,24.47,59.99,0,Rainy,1,61.21,Winter,,
01-01-2022,S001,P0011,Furniture,South,258,150,153,152.74,58.53,10,Sunny,1,61.42,Spring,,
01-01-2022,S001,P0012,Clothing,West,66,24,70,26.75,58.25,20,Snowy,0,62.21,Spring,,
01-01-2022,S001,P0013,Toys,South,96,42,85,41.46,43.6,0,Cloudy,0,46.31,Spring,,
01-01-2022,S001,P0014,Clothing,West,193,12,187,6.8,78.11,0,Sunny,0,80.06,Spring,,
01-01-2022,S001,P0015,Clothing,North,379,369,154,363.46,92.99,15,Snowy,0,95.8,Winter,,
01-01-2022,S001,P0016,Electronics,North,363,255,69,255.74,21.9,5,Cloudy,1,20.27,Autumn,,
01-01-2022,S001,P0017,Toys,West,318,246,177,255.37,21.07,20,Sunny,0,16.49,Winter,,
01-01-2022,S001,P0018,Clothing,South,241,151,47,147.27,19.57,5,Cloudy,0,23.13,Autumn,,
01-01-2022,S001,P0019,Clothing,East,352,257,186,267.38,73.28,10,Cloudy,0,77.26,Winter,,
01-01-2022,S001,P0020,Toys,East,274,99,166,115.23,30.24,5,Cloudy,0,27.1,Spring,,
01-01-2022,S002,P0001,Groceries,South,343,104,144,112.55,32.8,20,Sunny,1,30.78,Spring,,
01-01-2022,S002,P0002,Clothing,West,373,141,151,135.62,46.16,10,Rainy,1,45.21,Winter,,
01-01-2022,S002,P0003,Furniture,East,445,182,119,176.31,20.46,20,Snowy,1,22,Spring,,
01-01-2022,S002,P0004,Toys,West,191,63,115,54.57,26.19,0,Cloudy,0,28.06,Autumn,,
01-01-2022,S002,P0005,Toys,West,281,156,25,150.9,83.29,20,Rainy,0,80.64,Autumn,,
01-01-2022,S002,P0006,Furniture,North,492,250,168,242.57,85.59,20,Cloudy,0,86.82,Winter,,
01-01-2022,S002,P0007,Groceries,West,460,393,70,401.48,91.13,5,Sunny,0,93.33,Summer,,
01-01-2022,S002,P0008,Electronics,West,304,29,99,35.54,66.96,20,Snowy,0,65.36,Summer,,
01-01-2022,S002,P0009,Clothing,South,113,9,84,14.78,81.29,5,Rainy,1,82.06,Winter,,
01-01-2022,S002,P0010,Electronics,North,157,126,181,132.75,60.84,0,Snowy,1,65.22,Winter,,
01-01-2022,S002,P0011,Groceries,West,67,13,33,7.44,34.62,0,Snowy,1,33.98,Autumn,,
01-01-2022,S002,P0012,Groceries,East,281,25,136,37.27,19.56,5,Rainy,1,19.01,Winter,,
01-01-2022,S002,P0013,Clothing,East,389,283,177,299.7,57.78,20,Cloudy,0,58.5,Spring,,
01-01-2022,S002,P0014,Electronics,East,465,359,77,370.36,91.28,20,Cloudy,0,90.85,Summer,,
01-01-2022,S002,P0015,Toys,South,197,129,94,148.55,59.9,15,Sunny,1,55.23,Winter,,
01-01-2022,S002,P0016,Toys,South,242,63,85,58.07,45.65,20,Rainy,1,42.17,Spring,,
01-01-2022,S002,P0017,Groceries,West,398,373,92,390.89,11.71,20,Cloudy,1,10,Winter,,
01-01-2022,S002,P0018,Groceries,North,234,160,140,177.41,58.84,5,Cloudy,0,54.39,Summer,,
01-01-2022,S002,P0019,Toys,East,67,15,186,34.38,84.99,5,Sunny,1,81.02,Winter,,
01-01-2022,S002,P0020,Toys,West,221,101,38,115,87.1,0,Rainy,1,91.56,Spring,,
01-01-2022,S003,P0001,Toys,South,241,147,180,161.09,67.21,5,Sunny,1,67.39,Summer,,
01-01-2022,S003,P0002,Electronics,West,115,4,169,11.11,28.2,10,Sunny,1,25.63,Spring,,
01-01-2022,S003,P0003,Groceries,South,375,77,145,75.04,56.16,10,Sunny,1,57.16,Spring,,
01-01-2022,S003,P0004,Toys,South,153,31,145,42.99,89.53,20,Rainy,1,93.6,Winter,,
01-01-2022,S003,P0005,Clothing,West,438,325,20,330.92,97.95,20,Sunny,0,93.54,Winter,,
01-01-2022,S003,P0006,Groceries,North,456,163,22,159.17,76.37,5,Rainy,1,71.38,Summer,,
01-01-2022,S003,P0007,Electronics,North,189,34,107,26.91,86.99,15,Rainy,1,90.5,Summer,,
01-01-2022,S003,P0008,Toys,North,223,47,107,45.48,66.53,15,Cloudy,1,70.46,Spring,,
01-01-2022,S003,P0009,Groceries,South,381,15,184,30.05,74.86,15,Snowy,1,73.93,Winter,,
01-01-2022,S003,P0010,Groceries,South,166,126,124,141.34,97.09,5,Rainy,1,95.8,Summer,,
01-01-2022,S003,P0011,Toys,East,292,232,155,242.02,56.19,0,Snowy,1,57.85,Winter,,
01-01-2022,S003,P0012,Electronics,North,311,175,55,176.75,90.38,20,Cloudy,0,89.52,Summer,,
01-01-2022,S003,P0013,Furniture,North,51,17,172,12.86,73.98,20,Cloudy,1,76.65,Summer,,
01-01-2022,S003,P0014,Electronics,South,398,369,26,387.88,79.03,5,Rainy,0,82.51,Spring,,
01-01-2022,S003,P0015,Clothing,West,445,260,24,266.36,27.72,5,Snowy,0,23.28,Autumn,,
01-01-2022,S003,P0016,Groceries,South,487,347,93,349.36,98.18,15,Rainy,0,99.58,Winter,,
01-01-2022,S003,P0017,Clothing,East,429,150,168,157.82,27.1,5,Cloudy,1,27.4,Spring,,
01-01-2022,S003,P0018,Toys,West,204,70,170,83.01,97.08,15,Snowy,1,94.88,Winter,,
01-01-2022,S003,P0019,Clothing,East,330,249,37,268.25,26.71,15,Cloudy,1,24.81,Summer,,
01-01-2022,S003,P0020,Electronics,North,431,370,99,387.57,95.85,20,Cloudy,1,95.7,Spring,,
01-01-2022,S004,P0001,Toys,South,477,271,66,286.65,15.62,15,Sunny,0,16.09,Winter,,
01-01-2022,S004,P0002,Clothing,North,462,180,183,176.06,41.13,5,Sunny,0,45.05,Autumn,,
01-01-2022,S004,P0003,Clothing,West,446,344,27,352.93,89.32,20,Cloudy,0,93,Autumn,,
01-01-2022,S004,P0004,Groceries,West,437,0,160,-2.4,87.23,10,Sunny,0,90.36,Spring,,
01-01-2022,S004,P0005,Groceries,North,397,200,172,196.57,81.72,0,Snowy,1,85.22,Spring,,
01-01-2022,S004,P0006,Electronics,East,470,382,195,396.4,41.35,10,Snowy,0,39.86,Summer,,
01-01-2022,S004,P0007,Electronics,West,264,190,139,197.45,67.26,20,Cloudy,0,64.78,Summer,,
01-01-2022,S004,P0008,Furniture,South,250,51,137,54.98,85.88,20,Snowy,1,86.14,Winter,,
01-01-2022,S004,P0009,Furniture,North,63,40,73,51.78,59.23,10,Rainy,1,61.1,Summer,,
01-01-2022,S004,P0010,Groceries,East,447,104,96,115.03,33.48,15,Cloudy,0,37.15,Summer,,
01-01-2022,S004,P0011,Electronics,West,205,46,27,46.65,54.84,0,Sunny,1,57.76,Spring,,
01-01-2022,S004,P0012,Electronics,North,349,9,165,0.95,14.25,5,Rainy,1,18.56,Spring,,
01-01-2022,S004,P0013,Furniture,East,191,56,65,54.47,61.81,0,Sunny,0,63.92,Autumn,,
01-01-2022,S004,P0014,Electronics,West,406,63,139,69.73,66.94,10,Snowy,1,68.47,Winter,,
01-01-2022,S004,P0015,Clothing,South,228,181,127,171.96,60.54,5,Cloudy,0,65.27,Autumn,,
01-01-2022,S004,P0016,Groceries,South,263,94,24,98.05,94.26,15,Rainy,0,96.74,Summer,,
01-01-2022,S004,P0017,Electronics,South,203,46,75,55.12,25.55,0,Rainy,0,28.07,Winter,,
01-01-2022,S004,P0018,Groceries,West,143,8,27,27.3,16.73,5,Cloudy,1,18.79,Spring,,
01-01-2022,S004,P0019,Groceries,West,359,172,125,181.25,71.2,15,Rainy,1,73.85,Spring,,
01-01-2022,S004,P0020,Clothing,West,211,68,37,86.27,11.5,20,Snowy,0,9.26,Winter,,
01-01-2022,S005,P0001,Toys,West,111,77,60,83.47,70.33,10,Cloudy,0,70.29,Winter,,
01-01-2022,S005,P0002,Clothing,West,415,298,107,292.96,57.15,5,Snowy,1,60.71,Autumn,,
01-01-2022,S005,P0003,Electronics,North,384,64,26,76.02,36.17,5,Sunny,0,40.93,Spring,,
01-01-2022,S005,P0004,Furniture,West,436,300,174,292.04,50.77,15,Snowy,1,54.7,Spring,,
01-01-2022,S005,P0005,Clothing,West,180,21,47,38.63,92.86,15,Rainy,1,96.3,Winter,,
01-01-2022,S005,P0006,Groceries,North,185,176,163,174.06,60.76,20,Cloudy,0,61.15,Summer,,
01-01-2022,S005,P0007,Clothing,South,292,131,140,122.6,46.47,15,Snowy,0,50.84,Summer,,
01-01-2022,S005,P0008,Toys,West,478,317,197,328.64,34.08,5,Snowy,1,30.44,Winter,,
01-01-2022,S005,P0009,Groceries,West,182,97,27,92.62,87.81,5,Snowy,0,85.45,Spring,,
01-01-2022,S005,P0010,Clothing,East,87,8,141,14.38,37.04,10,Rainy,1,36.87,Summer,,
01-01-2022,S005,P0011,Groceries,West,427,104,128,94.65,54.12,10,Rainy,1,53.03,Summer,,
01-01-2022,S005,P0012,Electronics,West,245,87,188,90.59,67.64,15,Sunny,0,63.53,Summer,,
01-01-2022,S005,P0013,Furniture,South,317,238,95,256.57,82.18,5,Cloudy,0,87.09,Summer,,
01-01-2022,S005,P0014,Electronics,South,325,171,43,188.55,42.62,20,Cloudy,1,42.01,Autumn,,
01-01-2022,S005,P0015,Furniture,West,411,250,119,260.79,11.54,10,Cloudy,0,11.27,Spring,,
01-01-2022,S005,P0016,Clothing,South,71,11,32,1.85,16.3,5,Sunny,0,17.98,Winter,,
01-01-2022,S005,P0017,Electronics,East,388,371,98,390.04,98.31,15,Sunny,1,102.42,Spring,,
01-01-2022,S005,P0018,Furniture,West,161,107,66,103.97,48.96,10,Snowy,1,50.03,Spring,,
01-01-2022,S005,P0019,Groceries,South,235,106,124,119.33,88.22,5,Rainy,0,91.16,Spring,,
01-01-2022,S005,P0020,Electronics,South,108,101,52,105.92,11.04,10,Snowy,1,9.14,Autumn,,
02-01-2022,S001,P0001,Groceries,West,116,81,104,92.94,27.95,10,Cloudy,0,30.89,Spring,,
02-01-2022,S001,P0002,Clothing,West,416,163,79,171.6,19.78,15,Cloudy,0,18.76,Spring,,
02-01-2022,S001,P0003,Clothing,South,488,464,163,463.12,70.99,10,Snowy,0,72.93,Summer,,
02-01-2022,S001,P0004,Groceries,East,248,116,107,133.92,49.56,5,Snowy,0,50.46,Summer,,
02-01-2022,S001,P0005,Electronics,East,238,200,40,204.3,23.76,15,Sunny,1,19.19,Summer,,
02-01-2022,S001,P0006,Furniture,East,471,58,32,51.57,47.56,0,Snowy,1,46.82,Summer,,
02-01-2022,S001,P0007,Electronics,North,178,56,149,60.3,17.1,5,Snowy,1,17,Autumn,,
02-01-2022,S001,P0008,Clothing,East,92,74,121,67.04,58.89,5,Cloudy,0,61.56,Autumn,,
02-01-2022,S001,P0009,Toys,South,99,54,182,70.6,99.76,20,Cloudy,0,95.61,Spring,,
02-01-2022,S001,P0010,Clothing,North,171,39,163,47.8,11.44,5,Sunny,0,12.71,Summer,,
02-01-2022,S001,P0011,Furniture,East,215,12,173,16.92,53.84,0,Cloudy,1,53.79,Spring,,
02-01-2022,S001,P0012,Furniture,East,281,56,187,70.71,57.84,5,Snowy,1,60.99,Summer,,
02-01-2022,S001,P0013,Toys,North,455,31,124,44.46,35.51,15,Cloudy,1,31.06,Autumn,,
02-01-2022,S001,P0014,Electronics,West,84,25,20,23.36,31.41,0,Cloudy,1,28.6,Spring,,
02-01-2022,S001,P0015,Electronics,East,246,198,67,203.23,28.06,20,Cloudy,1,30.29,Winter,,
02-01-2022,S001,P0016,Electronics,West,399,77,147,67.55,35.67,15,Snowy,0,38.02,Summer,,
02-01-2022,S001,P0017,Furniture,West,242,165,105,181.86,28.18,5,Cloudy,0,27.5,Autumn,,
02-01-2022,S001,P0018,Toys,North,478,42,168,55.16,74.42,5,Snowy,0,69.67,Summer,,
02-01-2022,S001,P0019,Furniture,South,156,8,67,24.41,91.95,5,Cloudy,1,87.43,Spring,,
02-01-2022,S001,P0020,Electronics,North,221,174,168,187.49,97.88,0,Snowy,0,99.5,Autumn,,
02-01-2022,S002,P0001,Electronics,West,402,343,141,339.04,66.57,20,Rainy,1,63.92,Summer,,
02-01-2022,S002,P0002,Furniture,West,132,71,60,82.44,90.36,5,Rainy,0,86.73,Winter,,
02-01-2022,S002,P0003,Groceries,West,218,157,31,153.42,92.24,5,Snowy,1,89.57,Autumn,,
02-01-2022,S002,P0004,Groceries,South,131,88,109,100.61,68.71,0,Snowy,0,69.34,Spring,,
02-01-2022,S002,P0005,Groceries,North,93,64,128,57.53,87.22,5,Cloudy,1,90.59,Spring,,
02-01-2022,S002,P0006,Groceries,East,344,273,154,273.1,79.38,0,Rainy,0,77.28,Autumn,,
02-01-2022,S002,P0007,Groceries,North,340,247,148,264.18,17.41,15,Snowy,0,13.57,Summer,,
02-01-2022,S002,P0008,Electronics,North,241,42,187,46.32,14.8,15,Sunny,1,13.94,Spring,,
02-01-2022,S002,P0009,Electronics,North,296,197,157,195.61,30.5,0,Sunny,0,28.86,Spring,,
02-01-2022,S002,P0010,Groceries,West,472,374,65,387.41,27.84,15,Cloudy,1,32,Spring,,
02-01-2022,S002,P0011,Furniture,East,308,154,22,169.13,88.62,0,Cloudy,0,86.3,Winter,,
02-01-2022,S002,P0012,Toys,North,434,236,30,239.09,82.35,20,Rainy,0,83.13,Autumn,,
02-01-2022,S002,P0013,Toys,North,287,278,92,279.91,92.57,10,Sunny,1,97.09,Summer,,
02-01-2022,S002,P0014,Furniture,West,190,27,134,31.53,94.38,5,Rainy,0,89.47,Autumn,,
02-01-2022,S002,P0015,Toys,North,353,106,191,110.49,70.59,0,Cloudy,1,75.27,Winter,,
02-01-2022,S002,P0016,Toys,West,210,154,70,166.83,63.13,10,Sunny,0,67.23,Autumn,,
02-01-2022,S002,P0017,Clothing,West,193,176,38,174.49,46.04,5,Rainy,1,41.4,Autumn,,
02-01-2022,S002,P0018,Groceries,East,124,124,46,116.05,21.07,10,Sunny,0,21.71,Autumn,,
02-01-2022,S002,P0019,Toys,East,492,479,132,469.74,79.11,0,Cloudy,0,80.06,Winter,,
02-01-2022,S002,P0020,Clothing,South,222,78,42,76.55,64.99,0,Sunny,1,65.4,Summer,,
02-01-2022,S003,P0001,Toys,West,277,114,40,132.41,73.48,10,Cloudy,0,72.55,Autumn,,
02-01-2022,S003,P0002,Groceries,East,175,2,140,-3.4,87.5,0,Rainy,0,91.2,Autumn,,
02-01-2022,S003,P0003,Toys,East,157,7,187,22.8,88.68,20,Cloudy,1,87.38,Autumn,,
02-01-2022,S003,P0004,Furniture,West,120,54,154,49.64,82.36,20,Snowy,0,85.85,Autumn,,
02-01-2022,S003,P0005,Furniture,East,375,282,61,297.42,38.56,5,Cloudy,0,36.57,Winter,,
02-01-2022,S003,P0006,Groceries,East,302,93,33,106.58,97.74,0,Cloudy,0,97.69,Winter,,
02-01-2022,S003,P0007,Electronics,West,375,85,40,85.31,37.68,15,Cloudy,0,36.72,Autumn,,
02-01-2022,S003,P0008,Clothing,South,248,136,50,130.52,36.03,5,Rainy,0,37.49,Spring,,
02-01-2022,S003,P0009,Electronics,West,219,140,196,139.46,88.97,0,Snowy,1,91.53,Spring,,
02-01-2022,S003,P0010,Furniture,West,146,79,155,94.23,16.48,10,Cloudy,1,21.42,Spring,,
02-01-2022,S003,P0011,Furniture,South,218,106,111,117.65,58.37,10,Cloudy,1,58.1,Autumn,,
02-01-2022,S003,P0012,Groceries,West,260,1,142,1.99,27.86,5,Snowy,1,31.78,Winter,,
02-01-2022,S003,P0013,Electronics,West,414,203,53,206.35,39.14,5,Rainy,1,35.3,Autumn,,
02-01-2022,S003,P0014,Toys,North,420,368,71,384.47,66.51,0,Cloudy,0,70.84,Spring,,
02-01-2022,S003,P0015,Electronics,East,435,286,159,283.25,89.65,20,Snowy,0,84.99,Winter,,
02-01-2022,S003,P0016,Clothing,South,230,69,173,70.77,86.7,20,Rainy,0,91.05,Spring,,
02-01-2022,S003,P0017,Toys,South,456,52,78,65.67,29.69,20,Snowy,0,25.27,Summer,,
02-01-2022,S003,P0018,Toys,East,319,109,83,126.67,86.93,10,Rainy,1,82.59,Winter,,
02-01-2022,S003,P0019,Furniture,North,59,50,135,44.37,59.33,10,Cloudy,0,54.98,Spring,,
02-01-2022,S003,P0020,Electronics,East,155,0,92,9.42,57.07,10,Rainy,1,53.34,Summer,,
02-01-2022,S004,P0001,Electronics,North,144,22,45,39.12,74.16,15,Rainy,0,69.74,Autumn,,
02-01-2022,S004,P0002,Electronics,East,283,45,156,46.65,59.38,0,Sunny,1,62.4,Spring,,
02-01-2022,S004,P0003,Clothing,East,347,89,122,87.77,48.18,0,Sunny,1,49.64,Spring,,
02-01-2022,S004,P0004,Groceries,East,410,209,128,224.66,94.75,20,Snowy,0,90.1,Autumn,,
02-01-2022,S004,P0005,Toys,West,99,4,76,14.91,60.89,5,Sunny,0,59.42,Autumn,,
02-01-2022,S004,P0006,Toys,East,97,47,138,52.02,14.71,5,Cloudy,0,16.85,Autumn,,
02-01-2022,S004,P0007,Furniture,West,339,115,95,124.22,33.09,10,Rainy,0,28.55,Spring,,
02-01-2022,S004,P0008,Toys,South,144,27,119,21.73,98.75,15,Snowy,0,102.7,Summer,,
02-01-2022,S004,P0009,Furniture,South,110,90,28,103.6,12.4,20,Snowy,0,8.56,Autumn,,
02-01-2022,S004,P0010,Groceries,South,348,206,67,214.99,92.01,15,Snowy,1,87.81,Autumn,,
02-01-2022,S004,P0011,Toys,East,458,328,144,339.54,92.12,20,Sunny,1,87.37,Spring,,
02-01-2022,S004,P0012,Groceries,South,403,155,24,145.99,37.39,20,Sunny,0,38.71,Spring,,
02-01-2022,S004,P0013,Clothing,West,198,184,161,191.55,85.35,10,Rainy,1,80.79,Spring,,
02-01-2022,S004,P0014,Electronics,East,472,16,166,28.75,82.64,0,Cloudy,0,78.35,Autumn,,
02-01-2022,S004,P0015,Toys,North,178,90,79,98.56,92.19,10,Snowy,1,97.07,Summer,,
02-01-2022,S004,P0016,Clothing,West,215,178,111,180.76,61.41,0,Sunny,0,61.32,Spring,,
02-01-2022,S004,P0017,Electronics,South,477,256,150,254.89,96.47,20,Cloudy,0,93.35,Spring,,
02-01-2022,S004,P0018,Furniture,South,198,27,62,25.51,89.33,0,Sunny,0,89.63,Spring,,
02-01-2022,S004,P0019,Groceries,North,110,67,83,79.41,59.49,20,Rainy,1,57.55,Spring,,
02-01-2022,S004,P0020,Electronics,North,254,84,112,77.15,73.05,15,Sunny,1,74.55,Autumn,,
02-01-2022,S005,P0001,Groceries,East,223,67,53,74.8,67.49,5,Sunny,0,65.24,Winter,,
02-01-2022,S005,P0002,Furniture,West,100,15,114,28.97,66.05,10,Sunny,1,65.16,Autumn,,
02-01-2022,S005,P0003,Toys,West,397,333,35,336.02,80.88,20,Rainy,1,84.97,Winter,,
02-01-2022,S005,P0004,Groceries,North,442,56,38,54.08,60.5,10,Cloudy,1,64.88,Spring,,
02-01-2022,S005,P0005,Furniture,West,411,165,194,172.41,71.72,20,Rainy,0,75.17,Autumn,,
02-01-2022,S005,P0006,Clothing,North,76,54,175,49.32,69.21,15,Rainy,1,71.17,Summer,,
02-01-2022,S005,P0007,Clothing,East,257,93,148,84.69,70.69,20,Snowy,0,71.37,Winter,,
02-01-2022,S005,P0008,Furniture,East,353,250,57,254.75,63.54,15,Cloudy,0,61.05,Summer,,
02-01-2022,S005,P0009,Electronics,West,119,90,76,99.63,78.08,10,Sunny,0,73.69,Winter,,
02-01-2022,S005,P0010,Furniture,West,403,83,77,84.32,43.09,10,Sunny,1,47.02,Spring,,
02-01-2022,S005,P0011,Electronics,East,60,16,149,23.98,25.67,5,Sunny,1,27.78,Winter,,
02-01-2022,S005,P0012,Toys,West,182,87,121,83.13,38.59,20,Rainy,0,33.87,Spring,,
02-01-2022,S005,P0013,Furniture,East,455,241,136,235.03,57.99,5,Sunny,0,55.4,Spring,,
02-01-2022,S005,P0014,Toys,South,437,286,116,282.52,14.65,20,Snowy,1,13.12,Winter,,
02-01-2022,S005,P0015,Clothing,West,289,60,83,52.77,63.26,0,Rainy,1,61.02,Autumn,,
02-01-2022,S005,P0016,Groceries,East,487,437,106,432.86,43.64,15,Cloudy,1,39.13,Autumn,,
02-01-2022,S005,P0017,Toys,North,418,377,76,383.26,84.85,20,Sunny,1,84.29,Summer,,
02-01-2022,S005,P0018,Clothing,West,89,83,113,78.67,47.05,15,Rainy,1,47.89,Spring,,
02-01-2022,S005,P0019,Clothing,West,421,203,152,220.23,76.83,20,Snowy,0,75.86,Spring,,
02-01-2022,S005,P0020,Clothing,South,211,183,189,190.11,93.95,10,Sunny,1,98.89,Spring,,
03-01-2022,S001,P0001,Electronics,West,154,5,189,5.36,62.7,20,Rainy,0,58.22,Winter,,
03-01-2022,S001,P0002,Clothing,East,282,199,70,193.26,54.02,0,Cloudy,0,52.91,Spring,,
03-01-2022,S001,P0003,Toys,South,183,176,124,168.28,26.03,10,Rainy,0,29.38,Winter,,
03-01-2022,S001,P0004,Electronics,East,239,214,51,228.51,10.19,0,Cloudy,1,7.82,Winter,,
03-01-2022,S001,P0005,Groceries,West,368,165,56,170.76,95.54,0,Sunny,0,91.29,Spring,,
03-01-2022,S001,P0006,Furniture,South,57,9,40,13.6,57.65,5,Sunny,0,58.01,Summer,,
03-01-2022,S001,P0007,Clothing,South,460,140,70,143.7,87.85,20,Sunny,0,91.9,Winter,,
03-01-2022,S001,P0008,Groceries,West,214,177,150,178,53.94,5,Snowy,0,51.47,Autumn,,
03-01-2022,S001,P0009,Groceries,South,407,217,55,217.69,61.42,20,Sunny,0,65.86,Winter,,
03-01-2022,S001,P0010,Electronics,West,51,47,155,38.08,99.14,10,Snowy,0,102.66,Autumn,,
03-01-2022,S001,P0011,Groceries,East,252,3,98,5.18,60.52,0,Cloudy,0,62.72,Autumn,,
03-01-2022,S001,P0012,Clothing,East,72,2,62,9.81,86.93,15,Cloudy,0,83.11,Summer,,
03-01-2022,S001,P0013,Clothing,South,194,18,120,20.5,83.11,10,Snowy,1,85.16,Summer,,
03-01-2022,S001,P0014,Toys,South,302,242,145,255.54,32.28,10,Rainy,1,30.1,Winter,,
03-01-2022,S001,P0015,Toys,North,330,228,157,246.91,52.17,10,Sunny,1,52.43,Summer,,
03-01-2022,S001,P0016,Clothing,East,148,31,160,35.11,93.61,15,Snowy,1,94.15,Spring,,
03-01-2022,S001,P0017,Clothing,North,315,16,197,33.51,98.25,5,Sunny,0,100.34,Spring,,
03-01-2022,S001,P0018,Furniture,East,97,20,147,37.26,78.53,5,Rainy,0,75.48,Autumn,,
03-01-2022,S001,P0019,Furniture,South,240,193,171,203.45,56.91,0,Sunny,1,54.2,Spring,,
03-01-2022,S001,P0020,Toys,North,178,118,162,110.02,35.32,20,Cloudy,1,37.56,Summer,,
03-01-2022,S002,P0001,Toys,North,405,96,171,100.82,48.08,0,Rainy,1,49.4,Autumn,,
03-01-2022,S002,P0002,Electronics,North,200,48,47,55.45,46.95,15,Snowy,1,43.48,Summer,,
03-01-2022,S002,P0003,Furniture,West,327,130,166,127.03,94.45,20,Cloudy,1,99.26,Winter,,
03-01-2022,S002,P0004,Groceries,North,409,11,48,8.25,27.28,10,Snowy,1,28.61,Autumn,,
03-01-2022,S002,P0005,Groceries,West,327,313,194,326.56,29.74,0,Snowy,1,31.67,Winter,,
03-01-2022,S002,P0006,Furniture,North,388,352,199,365.82,27.64,5,Snowy,0,27.19,Summer,,
03-01-2022,S002,P0007,Toys,South,483,265,108,277.23,60.54,5,Rainy,0,55.83,Autumn,,
03-01-2022,S002,P0008,Furniture,South,70,11,137,23.62,58.55,10,Cloudy,0,63.45,Summer,,
03-01-2022,S002,P0009,Groceries,South,288,191,29,207.27,58.59,0,Cloudy,0,60.98,Summer,,
03-01-2022,S002,P0010,Electronics,West,270,185,150,192.21,95.48,0,Rainy,1,91.76,Winter,,
03-01-2022,S002,P0011,Clothing,North,217,143,66,154.26,37.81,20,Snowy,1,37.14,Autumn,,
03-01-2022,S002,P0012,Electronics,West,221,85,84,104.48,48.7,10,Rainy,0,51.33,Spring,,
03-01-2022,S002,P0013,Groceries,West,303,270,164,268.73,65.89,10,Cloudy,0,64.52,Summer,,
03-01-2022,S002,P0014,Groceries,West,298,233,143,245.02,20.37,0,Rainy,1,23.3,Spring,,
03-01-2022,S002,P0015,Furniture,West,193,187,57,177.8,46.25,0,Snowy,0,49.2,Spring,,
03-01-2022,S002,P0016,Electronics,South,205,39,147,37.83,71.74,10,Rainy,0,76.17,Winter,,
03-01-2022,S002,P0017,Toys,West,427,234,195,231.16,20.57,10,Rainy,1,22.24,Autumn,,
03-01-2022,S002,P0018,Clothing,South,365,213,106,208.31,29.88,20,Rainy,1,25.73,Autumn,,
03-01-2022,S002,P0019,Clothing,North,111,55,163,71.88,73.98,15,Rainy,1,73.5,Winter,,
03-01-2022,S002,P0020,Groceries,South,271,22,178,15.3,45.02,10,Sunny,0,47.01,Spring,,
03-01-2022,S003,P0001,Clothing,North,134,100,185,100.66,82.88,10,Sunny,1,86.74,Autumn,,
03-01-2022,S003,P0002,Groceries,North,405,353,74,355.08,17.36,0,Cloudy,1,17.32,Spring,,
03-01-2022,S003,P0003,Electronics,West,290,255,118,246.78,42.7,20,Snowy,0,40.38,Autumn,,
03-01-2022,S003,P0004,Clothing,South,403,154,189,166.81,89.67,15,Sunny,0,88.99,Autumn,,
03-01-2022,S003,P0005,Clothing,East,311,147,29,154.97,65.77,0,Cloudy,1,61.06,Spring,,
03-01-2022,S003,P0006,Electronics,North,448,342,112,357.52,95.74,10,Cloudy,0,94.29,Summer,,
03-01-2022,S003,P0007,Furniture,West,277,54,126,48.62,98.9,0,Cloudy,0,97.62,Summer,,
03-01-2022,S003,P0008,Toys,East,421,289,112,292.21,41.11,15,Cloudy,0,36.9,Summer,,
03-01-2022,S003,P0009,Toys,South,241,179,135,198.59,42.07,0,Snowy,1,37.66,Winter,,
03-01-2022,S003,P0010,Furniture,South,186,175,75,177.8,95.89,0,Rainy,1,96.19,Autumn,,
03-01-2022,S003,P0011,Clothing,West,413,209,86,220.54,84.12,5,Sunny,0,89.06,Spring,,
03-01-2022,S003,P0012,Toys,East,112,109,46,113.33,71.21,20,Rainy,1,74.71,Summer,,
03-01-2022,S003,P0013,Groceries,South,268,43,78,49.77,49.23,0,Rainy,1,47.75,Spring,,
03-01-2022,S003,P0014,Toys,South,347,58,38,49.31,21.87,10,Rainy,1,25,Autumn,,
03-01-2022,S003,P0015,Electronics,South,495,399,86,390.1,60.83,0,Cloudy,1,60.34,Spring,,
03-01-2022,S003,P0016,Clothing,West,324,95,145,111.3,56.78,20,Rainy,0,60.75,Winter,,
03-01-2022,S003,P0017,Clothing,West,330,296,138,297.58,76.12,5,Snowy,0,77.55,Spring,,
03-01-2022,S003,P0018,Electronics,East,297,105,66,104.66,98.9,10,Sunny,0,96.55,Winter,,
03-01-2022,S003,P0019,Clothing,East,169,103,47,107.67,46.24,5,Cloudy,0,47.84,Autumn,,
03-01-2022,S003,P0020,Toys,South,257,131,103,123.65,16.35,15,Cloudy,0,19.59,Autumn,,
03-01-2022,S004,P0001,Groceries,East,175,66,140,56.84,83.63,15,Sunny,0,79.9,Summer,,
03-01-2022,S004,P0002,Groceries,West,228,163,161,161.48,81.57,0,Cloudy,1,77.66,Winter,,
03-01-2022,S004,P0003,Clothing,South,188,98,176,98.87,44.68,10,Snowy,0,42.55,Spring,,
03-01-2022,S004,P0004,Groceries,East,211,150,20,167.75,60.11,0,Rainy,1,62.3,Summer,,
03-01-2022,S004,P0005,Furniture,North,149,15,60,21.91,24.63,20,Snowy,0,27.97,Winter,,
03-01-2022,S004,P0006,Electronics,North,383,36,75,26.89,36.31,5,Cloudy,1,34.82,Autumn,,
03-01-2022,S004,P0007,Electronics,East,478,303,153,307.7,11.36,15,Cloudy,1,15.64,Autumn,,
03-01-2022,S004,P0008,Electronics,East,217,209,35,215.04,63.1,10,Rainy,1,65.17,Winter,,
03-01-2022,S004,P0009,Electronics,West,73,69,65,68.51,30.82,20,Sunny,0,35.26,Winter,,
03-01-2022,S004,P0010,Electronics,West,467,143,183,139.44,23.73,0,Snowy,0,21.84,Winter,,
03-01-2022,S004,P0011,Clothing,West,353,239,44,255.26,29.49,5,Sunny,0,31.68,Winter,,
03-01-2022,S004,P0012,Groceries,North,471,192,115,188.72,74.42,15,Cloudy,1,75.61,Autumn,,
03-01-2022,S004,P0013,Clothing,South,129,23,92,38.86,58.3,20,Rainy,1,59.12,Autumn,,
03-01-2022,S004,P0014,Groceries,East,301,165,34,160.46,60.58,0,Sunny,1,58.02,Winter,,
03-01-2022,S004,P0015,Groceries,South,423,85,73,95.5,73.48,0,Rainy,0,77,Spring,,
03-01-2022,S004,P0016,Groceries,East,385,79,130,86.62,16.18,10,Cloudy,0,18.35,Spring,,
03-01-2022,S004,P0017,Toys,North,74,33,29,43.64,38.52,15,Rainy,0,39.57,Spring,,
03-01-2022,S004,P0018,Electronics,South,467,270,108,270.37,46.93,0,Snowy,0,46.83,Winter,,
03-01-2022,S004,P0019,Toys,North,140,1,47,-3.91,80.41,0,Snowy,0,76.9,Winter,,
03-01-2022,S004,P0020,Clothing,East,197,149,134,161.2,95.33,20,Cloudy,0,97.42,Winter,,
03-01-2022,S005,P0001,Groceries,North,159,3,145,18.12,36.3,0,Snowy,0,34.96,Winter,,
03-01-2022,S005,P0002,Electronics,North,322,59,111,78.35,82.08,10,Sunny,1,84.13,Spring,,
03-01-2022,S005,P0003,Groceries,East,106,15,101,25.13,46.4,20,Snowy,0,49.42,Summer,,
03-01-2022,S005,P0004,Groceries,South,475,351,132,358.12,59.76,5,Cloudy,0,57.14,Spring,,
03-01-2022,S005,P0005,Groceries,North,83,66,57,63.37,60.35,20,Sunny,1,60.81,Winter,,
03-01-2022,S005,P0006,Groceries,West,117,62,58,59.04,40.61,10,Snowy,1,44.37,Autumn,,
03-01-2022,S005,P0007,Clothing,West,368,77,44,95.69,63.61,5,Rainy,1,63.81,Winter,,
03-01-2022,S005,P0008,Electronics,South,207,177,154,173.93,97.09,5,Snowy,1,95.17,Summer,,
03-01-2022,S005,P0009,Electronics,West,398,349,98,350.47,52.72,10,Sunny,0,55.74,Winter,,
03-01-2022,S005,P0010,Groceries,North,476,74,25,91.48,14.41,20,Sunny,1,11.25,Spring,,
03-01-2022,S005,P0011,Groceries,North,119,40,151,43.92,74.14,0,Cloudy,1,69.67,Winter,,
03-01-2022,S005,P0012,Toys,North,77,72,27,68.01,46.94,20,Rainy,1,46.58,Winter,,
03-01-2022,S005,P0013,Toys,South,191,190,126,205.54,23.04,5,Snowy,0,19.33,Autumn,,
03-01-2022,S005,P0014,Toys,North,419,263,189,263.83,28.02,5,Sunny,1,23.72,Autumn,,
03-01-2022,S005,P0015,Toys,South,184,126,175,143.76,86.82,20,Cloudy,0,85.26,Autumn,,
03-01-2022,S005,P0016,Clothing,North,361,17,171,25.61,80.31,5,Cloudy,1,76.56,Spring,,
03-01-2022,S005,P0017,Toys,East,154,19,116,37.45,41.28,10,Rainy,0,40.59,Spring,,
03-01-2022,S005,P0018,Toys,North,376,36,53,43.47,38.42,0,Snowy,1,35.98,Winter,,
03-01-2022,S005,P0019,Toys,North,268,207,177,198.44,59.93,20,Snowy,0,64.67,Autumn,,
03-01-2022,S005,P0020,Toys,South,451,91,193,99.88,66.76,5,Sunny,0,62.53,Summer,,
04-01-2022,S001,P0001,Groceries,South,85,58,193,52.87,77.88,15,Cloudy,1,75.99,Winter,,
04-01-2022,S001,P0002,Electronics,North,91,91,142,82.65,88.22,15,Sunny,1,87.44,Autumn,,
04-01-2022,S001,P0003,Toys,South,184,70,191,82.51,10.55,15,Cloudy,0,7.6,Winter,,
04-01-2022,S001,P0004,Electronics,North,209,0,123,15.37,44.81,5,Sunny,1,45.53,Winter,,
04-01-2022,S001,P0005,Electronics,East,470,32,192,45.57,69.65,10,Snowy,0,73.5,Spring,,
04-01-2022,S001,P0006,Clothing,South,127,8,84,0.54,53.35,20,Cloudy,0,55.07,Spring,,
04-01-2022,S001,P0007,Groceries,North,367,341,39,336.71,33.47,5,Cloudy,0,28.95,Spring,,
04-01-2022,S001,P0008,Electronics,East,404,347,183,350.96,61.1,20,Sunny,0,58.46,Winter,,
04-01-2022,S001,P0009,Groceries,North,403,15,187,26.72,45.25,10,Sunny,0,46.74,Summer,,
04-01-2022,S001,P0010,Toys,East,494,85,122,92.86,94.98,20,Rainy,0,98.87,Autumn,,
04-01-2022,S001,P0011,Toys,South,421,30,33,49.2,24.21,0,Sunny,0,25.48,Spring,,
04-01-2022,S001,P0012,Electronics,West,150,136,129,140.64,66.07,5,Snowy,0,70.84,Winter,,
04-01-2022,S001,P0013,Toys,North,94,31,174,46.7,34.68,10,Sunny,0,33.73,Winter,,
04-01-2022,S001,P0014,Clothing,East,77,7,76,22.66,98.28,15,Cloudy,1,95.38,Spring,,
04-01-2022,S001,P0015,Electronics,West,430,377,118,371.89,87.24,10,Cloudy,1,88.66,Spring,,
04-01-2022,S001,P0016,Groceries,North,168,28,32,33.2,93.4,10,Sunny,0,93.22,Summer,,
04-01-2022,S001,P0017,Toys,West,353,348,36,349.59,53.02,0,Cloudy,1,57.08,Autumn,,
04-01-2022,S001,P0018,Groceries,South,380,258,66,258.58,58.54,5,Sunny,1,60.77,Summer,,
04-01-2022,S001,P0019,Toys,West,127,41,191,50.38,63.29,15,Sunny,1,61.73,Autumn,,
04-01-2022,S001,P0020,Electronics,North,153,49,139,44.55,10.93,0,Snowy,1,10.76,Winter,,
04-01-2022,S002,P0001,Clothing,North,108,83,25,85.5,45.49,5,Sunny,1,44.33,Spring,,
04-01-2022,S002,P0002,Furniture,West,109,60,172,71.47,52.33,10,Cloudy,1,51.78,Summer,,
04-01-2022,S002,P0003,Toys,North,493,448,113,459.44,41.55,15,Rainy,0,44.02,Winter,,
04-01-2022,S002,P0004,Toys,East,289,11,21,26.96,58.13,0,Sunny,1,61.63,Summer,,
04-01-2022,S002,P0005,Groceries,East,425,390,175,407.4,25.67,10,Snowy,0,23.55,Spring,,
04-01-2022,S002,P0006,Clothing,West,118,81,139,88.67,33.96,0,Sunny,0,29.22,Summer,,
04-01-2022,S002,P0007,Electronics,North,449,121,118,132.54,81.35,20,Cloudy,0,82.18,Spring,,
04-01-2022,S002,P0008,Groceries,West,184,44,152,52.26,57.34,20,Rainy,0,56.99,Spring,,
04-01-2022,S002,P0009,Toys,East,239,88,31,104.13,50.36,15,Cloudy,0,47.77,Winter,,
04-01-2022,S002,P0010,Groceries,West,216,142,172,138.75,51.34,15,Rainy,1,53.35,Autumn,,
04-01-2022,S002,P0011,Toys,North,291,48,69,48.65,13.09,20,Snowy,1,11.98,Summer,,
04-01-2022,S002,P0012,Electronics,North,74,61,87,67.72,94.85,0,Cloudy,0,93.92,Winter,,
04-01-2022,S002,P0013,Electronics,East,429,140,180,151.22,16.47,5,Sunny,0,17.47,Summer,,
04-01-2022,S002,P0014,Toys,West,467,390,188,408.18,82.15,15,Cloudy,1,79.63,Summer,,
04-01-2022,S002,P0015,Toys,North,121,91,197,93.99,61.13,5,Rainy,0,62.56,Summer,,
04-01-2022,S002,P0016,Groceries,East,134,32,107,32.03,63.74,10,Snowy,0,61.83,Winter,,
04-01-2022,S002,P0017,Electronics,East,152,60,92,54.96,66.78,10,Snowy,1,67.89,Winter,,
04-01-2022,S002,P0018,Clothing,South,236,206,63,220.44,30.12,15,Sunny,1,27.89,Winter,,
04-01-2022,S002,P0019,Groceries,West,253,108,36,107.84,31.26,10,Sunny,1,33.52,Summer,,
04-01-2022,S002,P0020,Furniture,East,403,349,42,340.49,21.47,0,Rainy,0,17.22,Winter,,
04-01-2022,S003,P0001,Furniture,South,335,271,147,276.13,81.01,20,Rainy,0,83.63,Summer,,
04-01-2022,S003,P0002,Electronics,South,293,202,130,215.12,59.97,5,Snowy,1,61.76,Spring,,
04-01-2022,S003,P0003,Toys,North,169,34,91,24.17,26.87,10,Snowy,0,30.53,Summer,,
04-01-2022,S003,P0004,Clothing,West,294,165,43,164.1,99.12,10,Rainy,0,97.69,Summer,,
04-01-2022,S003,P0005,Groceries,North,69,2,161,21.27,24.29,5,Rainy,0,25.5,Summer,,
04-01-2022,S003,P0006,Electronics,East,328,308,113,323.67,18.48,0,Rainy,1,17.76,Autumn,,
04-01-2022,S003,P0007,Toys,North,173,76,157,75.54,54.73,10,Snowy,1,52.32,Spring,,
04-01-2022,S003,P0008,Toys,East,108,91,129,95.55,59.61,5,Rainy,1,57.85,Summer,,
04-01-2022,S003,P0009,Furniture,West,494,113,84,121.8,14.64,20,Cloudy,1,12.8,Spring,,
04-01-2022,S003,P0010,Electronics,East,366,274,102,268.6,63.63,15,Cloudy,1,62.96,Winter,,
04-01-2022,S003,P0011,Toys,East,441,116,52,128.01,95.99,10,Sunny,0,95.78,Autumn,,
04-01-2022,S003,P0012,Electronics,North,181,5,37,18.13,75.41,5,Rainy,1,75.03,Summer,,
04-01-2022,S003,P0013,Furniture,East,330,115,116,111.27,24.19,15,Rainy,1,28.03,Autumn,,
04-01-2022,S003,P0014,Clothing,East,228,79,158,75.88,85.33,0,Sunny,1,82.64,Spring,,
04-01-2022,S003,P0015,Electronics,East,344,223,53,235.42,15.58,15,Cloudy,0,19.75,Winter,,
04-01-2022,S003,P0016,Furniture,West,336,258,175,260.26,19.63,10,Cloudy,1,20.65,Summer,,
04-01-2022,S003,P0017,Toys,West,355,236,26,248.1,53.81,0,Rainy,0,49.72,Winter,,
04-01-2022,S003,P0018,Toys,North,431,309,165,323.61,37.49,20,Cloudy,0,40.66,Autumn,,
04-01-2022,S003,P0019,Groceries,North,172,32,160,26.96,38.2,0,Rainy,0,38.42,Summer,,
04-01-2022,S003,P0020,Clothing,South,145,44,122,43.44,84.13,15,Snowy,1,84.05,Winter,,
04-01-2022,S004,P0001,Furniture,South,487,145,149,154.43,20.39,15,Sunny,0,21.17,Summer,,
04-01-2022,S004,P0002,Groceries,North,216,150,162,141.65,70.46,20,Sunny,1,66.42,Summer,,
04-01-2022,S004,P0003,Toys,West,236,40,104,36.09,53.13,5,Snowy,1,48.66,Spring,,
04-01-2022,S004,P0004,Toys,West,260,245,199,256.94,82,10,Sunny,1,81.29,Winter,,
04-01-2022,S004,P0005,Furniture,North,435,241,160,255.72,75.55,15,Snowy,0,75.67,Autumn,,
04-01-2022,S004,P0006,Groceries,South,499,138,175,128.04,50.26,0,Cloudy,1,47.5,Autumn,,
04-01-2022,S004,P0007,Clothing,East,180,152,102,157.24,56.58,5,Cloudy,1,52.57,Autumn,,
04-01-2022,S004,P0008,Furniture,West,128,12,85,16.36,37.17,10,Rainy,1,32.41,Winter,,
04-01-2022,S004,P0009,Furniture,South,291,158,35,158.23,82.75,20,Sunny,1,83.85,Winter,,
04-01-2022,S004,P0010,Clothing,North,444,265,187,264.83,23.53,10,Sunny,1,24.56,Spring,,
04-01-2022,S004,P0011,Clothing,East,281,240,182,243.7,56.3,5,Sunny,0,60.74,Spring,,
04-01-2022,S004,P0012,Toys,North,189,153,155,145.17,94.09,5,Cloudy,0,90.8,Spring,,
04-01-2022,S004,P0013,Groceries,West,80,68,48,81.02,24.53,20,Snowy,1,23.7,Spring,,
04-01-2022,S004,P0014,Furniture,West,314,302,42,300.24,70.33,20,Snowy,0,72.22,Autumn,,
04-01-2022,S004,P0015,Clothing,West,167,70,42,69.66,79.68,5,Rainy,1,77.12,Spring,,
04-01-2022,S004,P0016,Groceries,West,129,92,73,89.92,25.69,0,Sunny,0,27.17,Autumn,,
04-01-2022,S004,P0017,Clothing,East,425,275,160,266.14,25.04,5,Sunny,1,29.56,Summer,,
04-01-2022,S004,P0018,Groceries,East,103,3,34,20.62,56.02,15,Sunny,0,59.96,Winter,,
04-01-2022,S004,P0019,Groceries,West,471,307,143,319.56,31.39,5,Rainy,1,29.82,Winter,,
04-01-2022,S004,P0020,Groceries,South,364,62,27,68.97,86.86,15,Snowy,0,89.19,Spring,,
04-01-2022,S005,P0001,Furniture,North,383,195,175,214.04,21.71,20,Rainy,0,24.12,Winter,,
04-01-2022,S005,P0002,Furniture,West,495,33,75,36.13,40.56,5,Rainy,1,39.9,Winter,,
04-01-2022,S005,P0003,Toys,South,439,263,107,266.77,29.2,5,Snowy,0,30.66,Winter,,
04-01-2022,S005,P0004,Toys,West,101,83,94,97.81,82.18,20,Cloudy,1,78.43,Summer,,
04-01-2022,S005,P0005,Toys,South,292,78,25,85.65,45.85,15,Sunny,1,43.84,Autumn,,
04-01-2022,S005,P0006,Clothing,West,466,118,75,133.87,42.08,10,Sunny,0,37.49,Summer,,
04-01-2022,S005,P0007,Clothing,North,175,147,130,141.44,51.22,10,Cloudy,1,54.22,Spring,,
04-01-2022,S005,P0008,Furniture,South,327,216,124,233.51,62.03,20,Cloudy,0,64.13,Summer,,
04-01-2022,S005,P0009,Groceries,West,194,27,43,26.91,36.53,15,Snowy,1,35.63,Spring,,
04-01-2022,S005,P0010,Electronics,North,349,172,189,171.35,84.66,5,Rainy,1,79.81,Winter,,
04-01-2022,S005,P0011,Toys,West,237,78,192,77.14,39.15,0,Snowy,1,35.15,Autumn,,
04-01-2022,S005,P0012,Clothing,South,220,196,82,187.61,45.65,15,Cloudy,1,48.04,Summer,,
04-01-2022,S005,P0013,Groceries,North,86,75,153,72.27,40.27,15,Sunny,1,41.66,Summer,,
04-01-2022,S005,P0014,Toys,West,334,11,179,8.45,82.99,15,Snowy,1,87.85,Spring,,
04-01-2022,S005,P0015,Clothing,West,186,144,197,150.43,60.15,20,Cloudy,1,61.9,Summer,,
04-01-2022,S005,P0016,Electronics,North,288,200,180,216.05,15.19,10,Sunny,0,12.13,Winter,,
04-01-2022,S005,P0017,Toys,North,460,256,107,252.35,37.46,20,Cloudy,1,33.09,Autumn,,
04-01-2022,S005,P0018,Groceries,East,482,118,168,137.7,34.44,10,Cloudy,0,33.51,Spring,,
04-01-2022,S005,P0019,Toys,North,278,244,24,259.18,84.99,20,Rainy,0,85.21,Autumn,,
04-01-2022,S005,P0020,Furniture,West,128,54,139,62.09,81.63,10,Rainy,0,78.32,Autumn,,
05-01-2022,S001,P0001,Groceries,South,238,147,37,150.27,28.46,20,Sunny,1,29.4,Winter,,
05-01-2022,S001,P0002,Toys,West,270,220,165,237,79.54,10,Rainy,0,80.22,Spring,,
05-01-2022,S001,P0003,Toys,South,216,97,198,101.54,80.57,5,Rainy,1,78.89,Summer,,
05-01-2022,S001,P0004,Electronics,North,172,29,73,40.03,93.53,20,Snowy,1,93.55,Autumn,,
05-01-2022,S001,P0005,Furniture,West,405,192,76,193.38,46.13,0,Cloudy,0,42.56,Spring,,
05-01-2022,S001,P0006,Toys,North,338,158,139,168.84,60.2,0,Rainy,1,57.13,Winter,,
05-01-2022,S001,P0007,Groceries,West,409,8,143,17.44,53.65,5,Cloudy,0,53.31,Autumn,,
05-01-2022,S001,P0008,Electronics,West,102,42,23,35.11,59.2,5,Snowy,0,58.19,Winter,,
05-01-2022,S001,P0009,Furniture,East,433,5,185,6.6,98.03,5,Rainy,0,93.57,Spring,,
05-01-2022,S001,P0010,Furniture,East,288,93,169,85.66,32.6,20,Rainy,0,32.17,Spring,,
05-01-2022,S001,P0011,Groceries,North,485,44,191,54.08,53.31,5,Sunny,1,52.89,Spring,,
05-01-2022,S001,P0012,Electronics,West,414,78,91,76.67,93.96,20,Sunny,0,98.29,Summer,,
05-01-2022,S001,P0013,Toys,East,370,57,24,55.73,83.3,0,Snowy,0,82.46,Summer,,
05-01-2022,S001,P0014,Toys,North,233,161,171,155.79,12.66,15,Rainy,1,12.38,Autumn,,
05-01-2022,S001,P0015,Toys,West,272,172,139,183.33,55.77,20,Rainy,1,59.56,Winter,,
05-01-2022,S001,P0016,Groceries,East,189,132,196,143.24,30.15,15,Rainy,0,26.17,Autumn,,
05-01-2022,S001,P0017,Electronics,East,120,46,156,53.06,63.75,5,Snowy,0,60.02,Winter,,
05-01-2022,S001,P0018,Groceries,South,248,17,200,17.8,97.51,10,Snowy,0,97.99,Spring,,
05-01-2022,S001,P0019,Electronics,West,492,38,167,47.82,49.8,5,Rainy,1,47.76,Autumn,,
05-01-2022,S001,P0020,Toys,West,355,11,26,4.5,33.3,10,Rainy,0,37.71,Winter,,
05-01-2022,S002,P0001,Furniture,East,250,161,70,171.45,56.24,15,Snowy,1,60.32,Spring,,
05-01-2022,S002,P0002,Electronics,North,182,101,81,92.92,43.43,20,Sunny,1,39.61,Autumn,,
05-01-2022,S002,P0003,Electronics,North,274,263,91,257.46,30.78,10,Snowy,0,34.67,Summer,,
05-01-2022,S002,P0004,Furniture,North,148,32,142,25.88,82.85,5,Sunny,0,78.98,Autumn,,
05-01-2022,S002,P0005,Clothing,West,241,209,36,212.58,87.11,0,Cloudy,1,83.23,Spring,,
05-01-2022,S002,P0006,Groceries,West,131,24,176,22.17,56.68,5,Cloudy,0,60.18,Spring,,
05-01-2022,S002,P0007,Groceries,South,80,20,176,34.05,80.01,5,Rainy,1,80.65,Winter,,
05-01-2022,S002,P0008,Clothing,East,483,148,111,145.1,41.24,0,Cloudy,1,44.9,Autumn,,
05-01-2022,S002,P0009,Toys,West,228,100,183,109.92,96.96,5,Cloudy,1,98.62,Spring,,
05-01-2022,S002,P0010,Toys,East,202,129,55,119.12,87.69,20,Snowy,0,83.87,Autumn,,
05-01-2022,S002,P0011,Furniture,East,440,257,41,266.89,74.45,5,Cloudy,1,76.99,Spring,,
05-01-2022,S002,P0012,Groceries,West,264,262,29,269.59,53.28,5,Rainy,0,56.77,Summer,,
05-01-2022,S002,P0013,Toys,East,296,200,20,214.64,25.38,15,Cloudy,1,25.99,Spring,,
05-01-2022,S002,P0014,Groceries,West,201,56,187,69.26,23.84,10,Sunny,1,19.73,Spring,,
05-01-2022,S002,P0015,Clothing,South,70,24,28,17.01,52.21,20,Cloudy,0,56.17,Summer,,
05-01-2022,S002,P0016,Furniture,West,176,105,174,106.4,79.34,20,Cloudy,0,79.16,Spring,,
05-01-2022,S002,P0017,Groceries,East,399,294,100,302.77,13.13,15,Snowy,0,9.46,Summer,,
05-01-2022,S002,P0018,Groceries,East,294,142,63,154.25,23.28,15,Cloudy,1,23.86,Autumn,,
05-01-2022,S002,P0019,Electronics,South,222,55,27,68.88,67.3,10,Sunny,1,66.27,Spring,,
05-01-2022,S002,P0020,Electronics,South,123,24,110,27.69,17.35,20,Cloudy,1,13.22,Autumn,,
05-01-2022,S003,P0001,Electronics,West,388,53,55,47.35,93.06,0,Snowy,1,88.15,Summer,,
05-01-2022,S003,P0002,Groceries,South,191,189,177,187.88,84.04,20,Cloudy,0,87.67,Winter,,
05-01-2022,S003,P0003,Furniture,East,370,146,68,155.15,25.75,0,Rainy,1,30.21,Summer,,
05-01-2022,S003,P0004,Furniture,East,463,186,77,188.51,76.32,20,Cloudy,0,79.04,Summer,,
05-01-2022,S003,P0005,Toys,West,140,77,149,90.49,49.52,20,Snowy,1,54.31,Spring,,
05-01-2022,S003,P0006,Furniture,East,314,225,135,220.06,93.81,0,Snowy,0,89.3,Autumn,,
05-01-2022,S003,P0007,Clothing,East,79,66,69,74.14,76.7,10,Rainy,1,73.33,Summer,,
05-01-2022,S003,P0008,Electronics,South,411,35,83,35.46,24.28,15,Snowy,1,21.81,Winter,,
05-01-2022,S003,P0009,Electronics,West,117,1,64,7.16,13.87,15,Rainy,1,14.32,Spring,,
05-01-2022,S003,P0010,Clothing,West,109,95,73,90.43,14.93,10,Sunny,0,17.34,Winter,,
05-01-2022,S003,P0011,Electronics,East,438,255,85,269.91,22.22,10,Snowy,1,25.17,Spring,,
05-01-2022,S003,P0012,Toys,East,480,132,174,122.08,57.69,5,Cloudy,0,56.53,Winter,,
05-01-2022,S003,P0013,Furniture,East,284,234,168,232.6,80.36,15,Rainy,1,78.62,Winter,,
05-01-2022,S003,P0014,Furniture,South,444,42,86,44.15,40.6,10,Rainy,1,37.42,Winter,,
05-01-2022,S003,P0015,Furniture,South,278,25,81,28.28,86.8,0,Snowy,0,90.41,Autumn,,
05-01-2022,S003,P0016,Toys,North,202,30,195,29.93,30.33,15,Snowy,1,27.66,Autumn,,
05-01-2022,S003,P0017,Toys,East,192,28,175,18.54,29.03,0,Snowy,0,25.22,Summer,,
05-01-2022,S003,P0018,Groceries,South,168,38,74,41.71,97.97,15,Cloudy,0,102.22,Spring,,
05-01-2022,S003,P0019,Toys,West,308,149,35,167.46,31.18,0,Sunny,1,34.2,Winter,,
05-01-2022,S003,P0020,Groceries,North,286,192,70,205.67,65.34,10,Rainy,0,63.05,Autumn,,
05-01-2022,S004,P0001,Toys,North,201,198,103,212.56,57.58,10,Cloudy,0,58.98,Summer,,
05-01-2022,S004,P0002,Electronics,North,135,83,49,88.88,54.02,20,Rainy,0,58.22,Winter,,
05-01-2022,S004,P0003,Furniture,North,258,97,172,102.13,69.96,10,Snowy,1,70.94,Autumn,,
05-01-2022,S004,P0004,Toys,North,357,173,97,190.9,51.07,5,Sunny,1,50.35,Spring,,
05-01-2022,S004,P0005,Electronics,East,387,69,199,87.46,99.12,20,Rainy,1,95.19,Autumn,,
05-01-2022,S004,P0006,Furniture,East,378,256,169,271.82,77.59,15,Sunny,0,79.28,Autumn,,
05-01-2022,S004,P0007,Electronics,North,249,246,124,246.58,87.6,10,Snowy,0,92.28,Summer,,
05-01-2022,S004,P0008,Clothing,South,448,332,184,343.03,43.67,15,Cloudy,1,40.57,Summer,,
05-01-2022,S004,P0009,Toys,North,348,325,97,321.15,89.52,0,Rainy,0,87.3,Summer,,
05-01-2022,S004,P0010,Groceries,East,412,53,75,72.67,12.89,0,Snowy,1,13.92,Autumn,,
05-01-2022,S004,P0011,Groceries,West,344,17,30,26.69,92.7,5,Sunny,0,97.29,Autumn,,
05-01-2022,S004,P0012,Toys,West,475,223,172,241.25,31.47,20,Snowy,0,29.24,Spring,,
05-01-2022,S004,P0013,Electronics,West,400,95,86,113.09,89.52,0,Cloudy,0,91.76,Autumn,,
05-01-2022,S004,P0014,Toys,North,424,225,37,220.89,54.44,20,Sunny,0,57.58,Winter,,
05-01-2022,S004,P0015,Groceries,East,441,216,118,207.56,21.75,15,Sunny,0,21.05,Winter,,
05-01-2022,S004,P0016,Electronics,North,421,324,27,318.43,60.8,0,Rainy,1,58.01,Spring,,
05-01-2022,S004,P0017,Toys,South,278,75,56,90.62,60.17,5,Sunny,0,55.33,Summer,,
05-01-2022,S004,P0018,Electronics,West,319,158,176,170.15,19.17,15,Rainy,1,20.52,Winter,,
05-01-2022,S004,P0019,Electronics,West,353,55,35,56.6,45.92,20,Snowy,0,46.95,Winter,,
05-01-2022,S004,P0020,Toys,South,149,131,42,147.54,23.85,5,Cloudy,0,19.43,Autumn,,
05-01-2022,S005,P0001,Toys,South,371,74,115,93.27,40.47,20,Cloudy,0,40.3,Spring,,
05-01-2022,S005,P0002,Toys,West,98,59,94,62.06,26.25,15,Snowy,1,28.27,Autumn,,
05-01-2022,S005,P0003,Electronics,South,318,150,171,145.3,82.08,5,Rainy,0,82.7,Spring,,
05-01-2022,S005,P0004,Groceries,North,200,135,192,145.91,50.59,15,Sunny,0,54.05,Spring,,
05-01-2022,S005,P0005,Toys,West,299,79,117,97.08,49.08,5,Rainy,0,45.5,Spring,,
05-01-2022,S005,P0006,Groceries,South,392,62,125,68.41,12.38,0,Rainy,1,16.24,Summer,,
05-01-2022,S005,P0007,Clothing,East,399,130,77,123.53,49.02,20,Cloudy,0,53.33,Autumn,,
05-01-2022,S005,P0008,Toys,North,192,74,116,66.44,27.8,10,Sunny,1,31.34,Summer,,
05-01-2022,S005,P0009,Clothing,West,149,16,23,34.95,59.13,10,Rainy,0,59.09,Summer,,
05-01-2022,S005,P0010,Furniture,North,406,342,195,353.01,43.1,5,Cloudy,1,42.19,Summer,,
05-01-2022,S005,P0011,Electronics,South,91,48,155,51.37,13.33,5,Cloudy,0,13.1,Autumn,,
05-01-2022,S005,P0012,Clothing,East,228,224,147,218.16,98.66,10,Snowy,0,103.3,Spring,,
05-01-2022,S005,P0013,Electronics,South,68,64,54,71.81,39.8,15,Rainy,1,35.38,Summer,,
05-01-2022,S005,P0014,Toys,North,358,322,36,316.68,86.26,10,Rainy,0,85.97,Summer,,
05-01-2022,S005,P0015,Toys,South,361,264,75,258.32,85.81,10,Snowy,1,89.25,Summer,,
05-01-2022,S005,P0016,Electronics,West,371,343,98,350.28,58.21,20,Rainy,0,57.49,Spring,,
05-01-2022,S005,P0017,Groceries,East,231,15,107,26.67,74.42,5,Cloudy,0,73.86,Summer,,
05-01-2022,S005,P0018,Toys,East,269,90,109,105.45,53.06,10,Sunny,0,56,Summer,,
05-01-2022,S005,P0019,Clothing,South,444,143,196,153,61.9,15,Snowy,0,60.14,Autumn,,
05-01-2022,S005,P0020,Groceries,South,243,36,107,47.12,53.65,20,Cloudy,1,49.72,Winter,,
06-01-2022,S001,P0001,Electronics,East,198,37,155,39.09,91.05,5,Snowy,0,87.3,Summer,,
06-01-2022,S001,P0002,Furniture,East,262,230,114,228.65,47.32,0,Rainy,0,45.33,Winter,,
06-01-2022,S001,P0003,Toys,West,91,58,187,50.51,54.78,20,Sunny,0,52,Autumn,,
06-01-2022,S001,P0004,Furniture,West,466,305,123,319.77,41.72,15,Snowy,0,38.59,Autumn,,
06-01-2022,S001,P0005,Groceries,East,129,120,195,115.29,37.57,0,Snowy,1,33.29,Autumn,,
06-01-2022,S001,P0006,Toys,West,57,2,110,1.05,83.4,0,Rainy,1,86.18,Autumn,,
06-01-2022,S001,P0007,Electronics,South,76,35,49,45.45,99.12,5,Sunny,1,104.06,Summer,,
06-01-2022,S001,P0008,Clothing,West,445,171,84,184.96,34.4,10,Cloudy,0,38.52,Spring,,
06-01-2022,S001,P0009,Furniture,East,277,195,134,198.09,59.33,20,Snowy,1,62.02,Autumn,,
06-01-2022,S001,P0010,Clothing,East,204,97,143,98.82,33.79,15,Cloudy,1,36.98,Winter,,
06-01-2022,S001,P0011,Toys,East,200,177,49,173.24,60.79,20,Cloudy,1,61.26,Spring,,
06-01-2022,S001,P0012,Groceries,North,59,1,88,-8.37,63.21,0,Rainy,0,60.48,Spring,,
06-01-2022,S001,P0013,Furniture,West,185,181,189,174.85,64.04,20,Rainy,0,65.45,Autumn,,
06-01-2022,S001,P0014,Furniture,South,201,100,86,115.25,46.65,10,Rainy,0,43.83,Winter,,
06-01-2022,S001,P0015,Furniture,South,388,1,37,12.68,92.22,0,Cloudy,0,92.67,Spring,,
06-01-2022,S001,P0016,Clothing,East,481,429,164,425.85,28.27,10,Cloudy,1,25.68,Autumn,,
06-01-2022,S001,P0017,Electronics,West,379,26,23,42.81,22.57,5,Rainy,1,21.48,Summer,,
06-01-2022,S001,P0018,Electronics,East,423,176,90,172.13,81.55,10,Snowy,0,76.9,Winter,,
06-01-2022,S001,P0019,Furniture,South,66,15,126,19.63,96.19,5,Rainy,1,93.01,Spring,,
06-01-2022,S001,P0020,Clothing,North,98,2,60,2.68,79.76,0,Rainy,0,78.21,Winter,,
06-01-2022,S002,P0001,Furniture,West,131,81,82,99.33,28.58,10,Sunny,1,30.51,Winter,,
06-01-2022,S002,P0002,Toys,North,117,23,47,33.65,48.84,15,Cloudy,1,44.11,Winter,,
06-01-2022,S002,P0003,Clothing,East,71,65,197,71.43,60.75,0,Rainy,0,62.18,Autumn,,
06-01-2022,S002,P0004,Groceries,East,72,62,118,74.56,58.46,5,Rainy,0,54.87,Autumn,,
06-01-2022,S002,P0005,Clothing,South,106,76,64,83.08,17.93,10,Rainy,1,20.75,Autumn,,
06-01-2022,S002,P0006,Toys,West,377,136,89,126.54,49.22,5,Rainy,0,46.24,Autumn,,
06-01-2022,S002,P0007,Furniture,North,469,255,80,264.93,43.87,10,Snowy,0,40.56,Autumn,,
06-01-2022,S002,P0008,Groceries,South,392,244,123,253.18,63.54,5,Snowy,0,59.21,Summer,,
06-01-2022,S002,P0009,Toys,East,415,173,91,177.37,40.94,10,Cloudy,1,43.03,Spring,,
06-01-2022,S002,P0010,Toys,East,350,330,165,337.59,65.09,15,Sunny,0,66.25,Autumn,,
06-01-2022,S002,P0011,Clothing,South,104,95,155,86.35,69.04,20,Sunny,0,64.21,Summer,,
06-01-2022,S002,P0012,Groceries,South,223,144,198,144.02,43.15,5,Snowy,0,40.69,Spring,,
06-01-2022,S002,P0013,Groceries,East,467,350,191,348.62,49.42,10,Cloudy,0,53.84,Autumn,,
06-01-2022,S002,P0014,Groceries,North,372,240,26,248.45,76.27,15,Cloudy,1,79.25,Summer,,
06-01-2022,S002,P0015,Furniture,East,224,210,185,207.85,22.01,20,Cloudy,1,26.77,Summer,,
06-01-2022,S002,P0016,Furniture,West,270,59,39,54.77,91.94,20,Snowy,1,92.99,Winter,,
06-01-2022,S002,P0017,Groceries,South,207,57,43,53.64,26.93,0,Rainy,1,31.05,Winter,,
06-01-2022,S002,P0018,Clothing,North,120,57,198,72.49,93.1,15,Rainy,1,93.47,Autumn,,
06-01-2022,S002,P0019,Electronics,North,300,283,139,286.28,42.65,10,Sunny,1,44.37,Spring,,
06-01-2022,S002,P0020,Clothing,West,246,203,47,215.81,99.48,10,Cloudy,1,100.87,Autumn,,
06-01-2022,S003,P0001,Furniture,West,223,170,89,164.48,96.28,15,Cloudy,1,93.98,Summer,,
06-01-2022,S003,P0002,Electronics,East,110,30,21,26.5,55.36,20,Snowy,1,55.66,Autumn,,
06-01-2022,S003,P0003,Furniture,South,210,180,82,188.69,25.18,15,Rainy,1,29.75,Autumn,,
06-01-2022,S003,P0004,Toys,North,400,211,135,223.08,61.36,5,Cloudy,1,58.36,Summer,,
06-01-2022,S003,P0005,Toys,East,457,243,182,250.44,83.39,0,Sunny,1,79.82,Spring,,
06-01-2022,S003,P0006,Clothing,South,285,7,56,4.5,10.97,0,Cloudy,0,8.7,Winter,,
06-01-2022,S003,P0007,Furniture,South,108,9,67,17.36,11.77,0,Rainy,1,10.1,Winter,,
06-01-2022,S003,P0008,Furniture,South,463,231,175,248.13,23.44,20,Sunny,0,25.32,Summer,,
06-01-2022,S003,P0009,Electronics,West,60,11,89,5.61,15.82,0,Cloudy,1,15.76,Summer,,
06-01-2022,S003,P0010,Clothing,North,148,18,91,34.24,55.5,15,Rainy,0,52.96,Spring,,
06-01-2022,S003,P0011,Clothing,East,266,144,183,142.02,58.31,10,Sunny,0,54.94,Summer,,
06-01-2022,S003,P0012,Furniture,West,111,26,32,34.8,61.61,10,Sunny,0,58.61,Spring,,
06-01-2022,S003,P0013,Toys,South,479,61,82,68.73,83.41,10,Cloudy,1,83.38,Spring,,
06-01-2022,S003,P0014,Furniture,South,268,80,62,96.56,45.22,0,Cloudy,1,40.97,Autumn,,
06-01-2022,S003,P0015,Furniture,North,490,476,53,478.76,20.66,0,Rainy,1,16.87,Winter,,
06-01-2022,S003,P0016,Groceries,North,385,316,183,326.93,41.15,0,Rainy,1,42.58,Spring,,
06-01-2022,S003,P0017,Toys,South,409,162,200,153.54,75.06,0,Cloudy,1,73.35,Summer,,
06-01-2022,S003,P0018,Furniture,North,221,51,61,48.33,11.07,5,Sunny,0,13.04,Spring,,
06-01-2022,S003,P0019,Furniture,North,67,37,84,37.59,51.51,5,Rainy,1,53.03,Summer,,
06-01-2022,S003,P0020,Electronics,West,283,63,138,71.1,95,0,Rainy,0,94.76,Winter,,
06-01-2022,S004,P0001,Groceries,South,185,101,69,106.55,16.86,20,Cloudy,0,12.11,Autumn,,
06-01-2022,S004,P0002,Toys,East,162,105,71,99.68,20.2,0,Rainy,0,15.44,Autumn,,
06-01-2022,S004,P0003,Furniture,South,405,134,119,149.31,38.42,5,Snowy,0,43.03,Winter,,
06-01-2022,S004,P0004,Electronics,North,50,50,180,41.93,83.19,10,Snowy,1,88.18,Winter,,
06-01-2022,S004,P0005,Furniture,East,384,220,25,237.94,79.42,5,Cloudy,0,77.63,Summer,,
06-01-2022,S004,P0006,Clothing,North,488,260,190,271.16,79.07,10,Snowy,1,81.47,Autumn,,
06-01-2022,S004,P0007,Groceries,North,129,80,164,87.51,68.16,15,Rainy,1,71.46,Autumn,,
06-01-2022,S004,P0008,Clothing,South,226,167,115,169.32,13.17,5,Snowy,0,15.66,Summer,,
06-01-2022,S004,P0009,Furniture,North,207,166,104,178.91,90.13,15,Sunny,0,86.94,Spring,,
06-01-2022,S004,P0010,Clothing,North,490,49,142,62.86,97.69,10,Cloudy,0,96.13,Summer,,
06-01-2022,S004,P0011,Electronics,West,293,26,88,17.28,46.28,5,Sunny,1,45.18,Summer,,
06-01-2022,S004,P0012,Clothing,North,483,73,199,90.39,77.85,0,Cloudy,0,81.15,Spring,,
06-01-2022,S004,P0013,Toys,West,389,257,81,276.75,23.32,0,Cloudy,0,19.92,Autumn,,
06-01-2022,S004,P0014,Groceries,East,126,50,136,66.22,75.87,15,Rainy,0,77.66,Winter,,
06-01-2022,S004,P0015,Furniture,West,304,49,102,66.88,90.79,15,Snowy,1,91.53,Autumn,,
06-01-2022,S004,P0016,Electronics,West,69,24,190,36.79,81.37,15,Snowy,1,84.52,Spring,,
06-01-2022,S004,P0017,Electronics,South,220,192,122,207.13,33.34,5,Rainy,1,29.25,Spring,,
06-01-2022,S004,P0018,Electronics,South,427,47,167,39.88,95.48,5,Rainy,0,95.64,Winter,,
06-01-2022,S004,P0019,Furniture,South,411,325,145,341.07,33.58,20,Cloudy,1,34.57,Autumn,,
06-01-2022,S004,P0020,Furniture,West,261,150,118,162.92,29.27,20,Cloudy,0,31.37,Summer,,
06-01-2022,S005,P0001,Clothing,West,333,195,37,213.22,34.92,15,Rainy,1,34.3,Autumn,,
06-01-2022,S005,P0002,Furniture,South,387,35,23,32.63,92.42,10,Rainy,0,92.19,Summer,,
06-01-2022,S005,P0003,Clothing,West,186,96,139,106.59,60.14,10,Rainy,0,62.06,Spring,,
06-01-2022,S005,P0004,Electronics,East,313,219,44,212.71,69.02,15,Sunny,0,73.68,Autumn,,
06-01-2022,S005,P0005,Toys,East,121,14,87,33.09,52.41,20,Snowy,1,47.58,Winter,,
06-01-2022,S005,P0006,Toys,South,475,14,50,10.62,58.85,20,Rainy,1,58.68,Spring,,
06-01-2022,S005,P0007,Groceries,West,87,39,187,33.84,58.4,20,Snowy,0,55.85,Autumn,,
06-01-2022,S005,P0008,Toys,West,279,162,79,181.89,81.97,0,Rainy,0,78.8,Summer,,
06-01-2022,S005,P0009,Toys,South,87,70,44,81.01,46.58,0,Sunny,1,43.42,Autumn,,
06-01-2022,S005,P0010,Toys,South,94,64,176,67.98,53.15,20,Snowy,0,57.29,Autumn,,
06-01-2022,S005,P0011,Clothing,South,248,83,20,94.6,86.35,10,Rainy,0,86.19,Summer,,
06-01-2022,S005,P0012,Groceries,South,385,171,24,165.78,57.72,0,Cloudy,1,55.53,Winter,,
06-01-2022,S005,P0013,Furniture,South,395,101,146,92.71,89.13,5,Snowy,1,90.39,Spring,,
06-01-2022,S005,P0014,Furniture,West,134,128,165,147.93,25.88,5,Snowy,0,27.34,Autumn,,
06-01-2022,S005,P0015,Electronics,East,185,7,89,13.56,38.71,15,Rainy,0,38.56,Spring,,
06-01-2022,S005,P0016,Clothing,South,223,15,186,29.69,97.79,15,Cloudy,0,102.66,Summer,,
06-01-2022,S005,P0017,Furniture,East,495,250,161,250,49.83,15,Snowy,0,45.99,Autumn,,
06-01-2022,S005,P0018,Furniture,East,200,192,71,188.42,41.02,15,Snowy,1,39.59,Winter,,
06-01-2022,S005,P0019,Toys,North,244,149,129,150.77,50.18,15,Rainy,0,54.25,Spring,,
06-01-2022,S005,P0020,Furniture,West,74,7,82,6.64,92.93,20,Sunny,1,89.89,Winter,,
07-01-2022,S001,P0001,Furniture,North,195,107,106,117.92,53.99,10,Sunny,1,58.8,Winter,,
07-01-2022,S001,P0002,Clothing,North,255,115,66,125.73,80.82,5,Rainy,0,81.11,Winter,,
07-01-2022,S001,P0003,Electronics,North,487,32,157,33.38,63.07,0,Sunny,0,67.25,Winter,,
07-01-2022,S001,P0004,Furniture,West,339,307,183,303.88,10.74,15,Snowy,0,11.3,Winter,,
07-01-2022,S001,P0005,Clothing,West,120,92,170,88.38,29.63,15,Cloudy,0,30.55,Spring,,
07-01-2022,S001,P0006,Furniture,South,399,23,36,22.3,27.88,20,Rainy,1,30.02,Winter,,
07-01-2022,S001,P0007,Clothing,North,461,429,25,440.06,50.47,10,Rainy,1,46.52,Summer,,
07-01-2022,S001,P0008,Clothing,East,193,64,191,67.54,37.99,20,Rainy,0,33.1,Summer,,
07-01-2022,S001,P0009,Electronics,West,402,242,126,258.36,48.3,0,Snowy,0,50.42,Autumn,,
07-01-2022,S001,P0010,Groceries,East,438,20,139,39.58,55.07,0,Cloudy,0,53.32,Autumn,,
07-01-2022,S001,P0011,Clothing,North,275,102,117,107.22,73.88,10,Snowy,1,70.41,Summer,,
07-01-2022,S001,P0012,Groceries,South,446,118,109,137.16,65.47,20,Snowy,0,67.26,Summer,,
07-01-2022,S001,P0013,Toys,North,137,71,122,70.21,37.22,10,Snowy,0,33.29,Summer,,
07-01-2022,S001,P0014,Electronics,East,189,115,86,129.39,51.17,0,Cloudy,1,54.34,Spring,,
07-01-2022,S001,P0015,Electronics,East,311,128,165,133.63,12.36,0,Rainy,0,9.38,Spring,,
07-01-2022,S001,P0016,Clothing,East,178,161,36,166.56,82.49,5,Sunny,1,79.98,Autumn,,
07-01-2022,S001,P0017,Furniture,South,299,66,185,74.5,13.81,0,Snowy,1,9.33,Spring,,
07-01-2022,S001,P0018,Toys,South,109,87,188,98.78,58.5,15,Cloudy,1,55.07,Winter,,
07-01-2022,S001,P0019,Toys,South,159,46,29,54.36,65.57,0,Rainy,1,61.51,Winter,,
07-01-2022,S001,P0020,Electronics,West,402,124,167,142,52.47,20,Rainy,0,50.87,Summer,,
07-01-2022,S002,P0001,Toys,West,394,150,68,153.84,85.79,5,Snowy,0,82.42,Spring,,
07-01-2022,S002,P0002,Furniture,East,461,67,188,79.73,73.73,5,Snowy,0,78.46,Summer,,
07-01-2022,S002,P0003,Electronics,West,85,72,59,80.31,42.82,0,Snowy,1,39.39,Autumn,,
07-01-2022,S002,P0004,Groceries,East,301,114,124,127.05,93.78,15,Snowy,0,95.71,Summer,,
07-01-2022,S002,P0005,Furniture,South,183,119,49,121.76,42.56,10,Rainy,0,41.52,Winter,,
07-01-2022,S002,P0006,Toys,North,429,68,41,65.93,38.51,20,Cloudy,0,35.74,Summer,,
07-01-2022,S002,P0007,Electronics,South,263,211,178,207.06,49.35,15,Cloudy,1,49.28,Winter,,
07-01-2022,S002,P0008,Toys,North,74,46,129,59.22,96.55,10,Cloudy,1,94.72,Spring,,
07-01-2022,S002,P0009,Groceries,South,332,117,101,118.21,72.01,15,Rainy,0,69.27,Summer,,
07-01-2022,S002,P0010,Groceries,South,218,116,156,111.17,85.36,5,Cloudy,1,83.62,Summer,,
07-01-2022,S002,P0011,Clothing,West,272,53,143,46.56,30.33,10,Rainy,1,32.73,Spring,,
07-01-2022,S002,P0012,Toys,West,365,137,176,128.13,80.92,20,Cloudy,0,80.54,Winter,,
07-01-2022,S002,P0013,Furniture,West,176,143,124,155.52,45.69,20,Cloudy,1,47.41,Spring,,
07-01-2022,S002,P0014,Electronics,East,357,152,76,145.38,39.53,15,Sunny,1,38.08,Autumn,,
07-01-2022,S002,P0015,Electronics,South,288,39,174,57.62,74.81,15,Snowy,1,77.91,Autumn,,
07-01-2022,S002,P0016,Furniture,South,212,211,128,215.38,41.54,10,Cloudy,0,42.88,Autumn,,
07-01-2022,S002,P0017,Electronics,South,103,100,157,106.28,79.73,0,Rainy,1,81.89,Winter,,
07-01-2022,S002,P0018,Furniture,East,222,73,160,82.5,78.75,20,Rainy,0,76.47,Summer,,
07-01-2022,S002,P0019,Groceries,North,144,122,148,119.27,12.31,10,Rainy,0,14.77,Autumn,,
07-01-2022,S002,P0020,Groceries,West,90,86,103,91.01,61.14,10,Snowy,0,59.68,Summer,,
07-01-2022,S003,P0001,Clothing,North,388,39,187,49.7,66.68,15,Rainy,1,62.1,Autumn,,
07-01-2022,S003,P0002,Furniture,West,427,145,148,143.9,84.95,5,Rainy,0,81.19,Winter,,
07-01-2022,S003,P0003,Clothing,South,92,4,87,20.75,85.2,0,Sunny,1,90.12,Summer,,
07-01-2022,S003,P0004,Furniture,North,121,8,198,12.47,42.9,10,Rainy,1,40.45,Winter,,
07-01-2022,S003,P0005,Toys,South,340,298,113,305.17,82.07,20,Rainy,1,86.47,Autumn,,
07-01-2022,S003,P0006,Electronics,East,187,175,161,194.41,73.39,0,Rainy,1,71.36,Spring,,
07-01-2022,S003,P0007,Groceries,South,177,177,169,189.57,40.45,10,Sunny,1,41.65,Summer,,
07-01-2022,S003,P0008,Electronics,South,172,154,176,154.77,12.48,0,Rainy,0,14.52,Winter,,
07-01-2022,S003,P0009,Furniture,East,113,24,72,15.08,32.44,20,Rainy,1,28.48,Winter,,
07-01-2022,S003,P0010,Furniture,North,74,63,35,72.14,61.85,0,Sunny,0,66.47,Summer,,
07-01-2022,S003,P0011,Electronics,West,391,29,37,47.24,35.12,5,Rainy,0,36.38,Winter,,
07-01-2022,S003,P0012,Clothing,South,158,52,197,43.5,14.89,5,Cloudy,1,16.76,Winter,,
07-01-2022,S003,P0013,Groceries,South,244,59,158,58.25,18.4,5,Sunny,1,16.55,Autumn,,
07-01-2022,S003,P0014,Groceries,East,135,48,72,41.05,83.95,15,Snowy,1,83.32,Spring,,
07-01-2022,S003,P0015,Toys,West,270,71,71,70.58,83.65,20,Sunny,0,82.41,Autumn,,
07-01-2022,S003,P0016,Electronics,East,240,86,189,90.58,16.24,10,Sunny,0,16.83,Spring,,
07-01-2022,S003,P0017,Clothing,North,437,12,109,22.96,34.38,20,Snowy,1,34.61,Winter,,
07-01-2022,S003,P0018,Electronics,East,394,336,35,334.26,72.54,10,Sunny,0,76.87,Autumn,,
07-01-2022,S003,P0019,Furniture,South,317,35,154,41.58,80.19,0,Sunny,1,75.71,Autumn,,
07-01-2022,S003,P0020,Toys,South,268,20,98,16.38,93.99,5,Snowy,0,91.56,Spring,,
07-01-2022,S004,P0001,Toys,West,164,13,190,5.38,91.6,20,Rainy,0,93.9,Winter,,
07-01-2022,S004,P0002,Toys,North,61,46,172,42.15,79.31,0,Sunny,1,80.4,Summer,,
07-01-2022,S004,P0003,Electronics,North,81,49,166,47.54,63.03,15,Cloudy,0,58.96,Spring,,
07-01-2022,S004,P0004,Groceries,East,146,92,157,92.42,44.43,10,Rainy,0,43.14,Winter,,
07-01-2022,S004,P0005,Clothing,North,117,108,107,116.84,80.61,15,Snowy,1,82.67,Summer,,
07-01-2022,S004,P0006,Groceries,East,453,343,61,355.68,59.12,20,Cloudy,0,60.54,Summer,,
07-01-2022,S004,P0007,Groceries,North,182,83,194,100.55,43.98,10,Sunny,0,40.77,Winter,,
07-01-2022,S004,P0008,Toys,East,231,72,186,75.46,32.77,0,Rainy,0,28.73,Spring,,
07-01-2022,S004,P0009,Clothing,South,442,186,97,202.77,48.29,0,Cloudy,1,45.31,Spring,,
07-01-2022,S004,P0010,Groceries,South,126,50,87,69.29,54.76,20,Cloudy,1,49.85,Autumn,,
07-01-2022,S004,P0011,Clothing,North,88,80,106,74.64,82.63,0,Snowy,1,82.31,Spring,,
07-01-2022,S004,P0012,Clothing,West,113,36,133,50.79,83.16,5,Sunny,1,86.66,Spring,,
07-01-2022,S004,P0013,Groceries,North,371,188,58,206.34,88.58,15,Snowy,0,86.76,Winter,,
07-01-2022,S004,P0014,Toys,South,242,227,75,230.9,60.49,10,Cloudy,0,64.27,Summer,,
07-01-2022,S004,P0015,Groceries,South,495,174,58,171.72,99.47,10,Cloudy,0,102.21,Autumn,,
07-01-2022,S004,P0016,Furniture,North,323,139,173,157.56,82.21,0,Rainy,0,83.05,Autumn,,
07-01-2022,S004,P0017,Furniture,South,53,4,84,2.05,94.56,10,Rainy,1,95.74,Summer,,
07-01-2022,S004,P0018,Furniture,North,94,70,132,61.63,66.34,5,Sunny,1,68.05,Summer,,
07-01-2022,S004,P0019,Groceries,North,183,12,112,5.57,77.11,15,Snowy,1,81.9,Summer,,
07-01-2022,S004,P0020,Toys,North,296,162,123,166.99,94.18,5,Rainy,0,93.94,Spring,,
07-01-2022,S005,P0001,Groceries,East,227,97,77,97.73,41.28,15,Snowy,1,44,Spring,,
07-01-2022,S005,P0002,Electronics,West,406,297,38,295.38,71.78,0,Rainy,0,69.36,Autumn,,
07-01-2022,S005,P0003,Furniture,South,342,197,26,208.73,31.15,10,Snowy,0,30.62,Winter,,
07-01-2022,S005,P0004,Clothing,West,125,32,149,28.25,85.3,15,Snowy,0,86.87,Summer,,
07-01-2022,S005,P0005,Toys,South,140,131,130,138.96,60.88,0,Rainy,1,58.4,Spring,,
07-01-2022,S005,P0006,Electronics,East,370,284,135,303.93,49.36,15,Snowy,0,49.55,Winter,,
07-01-2022,S005,P0007,Toys,North,441,246,68,260.89,76.42,5,Cloudy,0,72.96,Summer,,
07-01-2022,S005,P0008,Clothing,North,498,139,125,158.49,95.46,5,Snowy,1,99.22,Summer,,
07-01-2022,S005,P0009,Furniture,West,213,182,122,176.48,25.51,0,Cloudy,1,24.02,Autumn,,
07-01-2022,S005,P0010,Furniture,South,260,164,151,155.35,61.24,0,Sunny,1,58.08,Summer,,
07-01-2022,S005,P0011,Furniture,South,453,438,31,456.22,81.95,15,Sunny,0,78.29,Winter,,
07-01-2022,S005,P0012,Groceries,South,454,59,35,52.42,51.76,20,Rainy,1,55.96,Winter,,
07-01-2022,S005,P0013,Toys,North,129,88,177,89.85,47.68,20,Cloudy,1,44.19,Winter,,
07-01-2022,S005,P0014,Electronics,West,272,211,134,227.28,61.07,10,Snowy,1,58.4,Summer,,
07-01-2022,S005,P0015,Electronics,East,206,161,141,172.67,63.13,0,Cloudy,0,60.01,Autumn,,
07-01-2022,S005,P0016,Furniture,North,170,111,168,105.03,38.22,0,Cloudy,0,41.87,Autumn,,
07-01-2022,S005,P0017,Groceries,East,453,186,65,189.39,78.41,10,Snowy,1,82.58,Autumn,,
07-01-2022,S005,P0018,Clothing,East,159,30,41,24.11,44.62,20,Sunny,1,49.14,Autumn,,
07-01-2022,S005,P0019,Furniture,East,60,33,155,33.96,31.44,0,Rainy,1,33.88,Spring,,
07-01-2022,S005,P0020,Groceries,West,248,126,28,122.01,38.55,0,Rainy,0,42.42,Winter,,
08-01-2022,S001,P0001,Furniture,East,231,2,119,0.84,66.3,20,Cloudy,1,63.82,Winter,,
08-01-2022,S001,P0002,Groceries,South,55,33,34,44.32,72.12,5,Rainy,0,73.33,Autumn,,
08-01-2022,S001,P0003,Electronics,East,338,123,90,135.43,39.4,10,Rainy,1,35.41,Autumn,,
08-01-2022,S001,P0004,Toys,North,420,79,141,89.99,40.63,0,Rainy,0,40.25,Summer,,
08-01-2022,S001,P0005,Groceries,West,355,217,177,236.6,20.73,10,Rainy,1,16.33,Summer,,
08-01-2022,S001,P0006,Electronics,East,104,14,26,26.24,53.8,20,Cloudy,0,50.16,Winter,,
08-01-2022,S001,P0007,Furniture,North,264,172,145,171.54,13.51,15,Sunny,1,16.04,Winter,,
08-01-2022,S001,P0008,Toys,North,215,58,97,55.22,14.55,20,Cloudy,0,12.21,Summer,,
08-01-2022,S001,P0009,Electronics,South,375,162,64,160.95,22.53,20,Cloudy,0,24.44,Autumn,,
08-01-2022,S001,P0010,Furniture,North,253,186,45,185.53,64.49,10,Rainy,1,65.01,Winter,,
08-01-2022,S001,P0011,Furniture,South,357,106,117,96.63,22.11,20,Cloudy,1,25.81,Summer,,
08-01-2022,S001,P0012,Furniture,North,264,229,71,226.07,79.77,5,Snowy,1,79.7,Winter,,
08-01-2022,S001,P0013,Electronics,South,332,261,66,275.59,76.62,0,Rainy,0,75.03,Autumn,,
08-01-2022,S001,P0014,Furniture,South,290,142,158,140.55,49.74,5,Cloudy,0,53.24,Summer,,
08-01-2022,S001,P0015,Groceries,South,368,255,66,263.26,10.98,5,Sunny,0,13.59,Spring,,
08-01-2022,S001,P0016,Electronics,South,361,42,99,48.81,32.13,5,Cloudy,0,37.04,Summer,,
08-01-2022,S001,P0017,Clothing,North,467,248,106,252.57,42.26,15,Rainy,1,40.43,Winter,,
08-01-2022,S001,P0018,Furniture,West,296,58,71,65.67,79.68,5,Snowy,0,76.69,Summer,,
08-01-2022,S001,P0019,Furniture,South,440,127,69,136.09,12.22,0,Rainy,0,11.92,Winter,,
08-01-2022,S001,P0020,Groceries,South,348,151,126,154.58,65.67,15,Cloudy,1,68.33,Winter,,
08-01-2022,S002,P0001,Groceries,North,349,341,198,348.41,90.22,20,Rainy,1,87.58,Summer,,
08-01-2022,S002,P0002,Toys,North,384,134,71,136.47,91.27,10,Cloudy,0,94.65,Spring,,
08-01-2022,S002,P0003,Electronics,West,369,64,132,65.36,75.69,5,Sunny,1,78.99,Summer,,
08-01-2022,S002,P0004,Groceries,East,414,298,93,291.97,41.52,20,Cloudy,0,42.35,Autumn,,
08-01-2022,S002,P0005,Toys,South,314,107,130,100.71,35.32,10,Cloudy,1,32.6,Summer,,
08-01-2022,S002,P0006,Groceries,South,300,233,149,252.44,52.87,10,Cloudy,0,51.75,Summer,,
08-01-2022,S002,P0007,Furniture,South,208,18,172,24.31,74.31,10,Snowy,0,76.4,Autumn,,
08-01-2022,S002,P0008,Electronics,South,405,278,65,269.15,74.62,0,Sunny,0,71.97,Autumn,,
08-01-2022,S002,P0009,Groceries,West,371,241,113,236.08,68.99,0,Sunny,0,73.06,Spring,,
08-01-2022,S002,P0010,Toys,West,57,23,71,25.74,91.77,10,Rainy,1,91.56,Autumn,,
08-01-2022,S002,P0011,Electronics,South,64,7,79,-2.99,92.43,0,Snowy,0,88.55,Spring,,
08-01-2022,S002,P0012,Clothing,North,294,13,186,3.77,35.54,20,Rainy,1,30.77,Winter,,
08-01-2022,S002,P0013,Furniture,North,348,91,70,88.65,97.17,10,Cloudy,1,95.44,Winter,,
08-01-2022,S002,P0014,Clothing,South,210,25,85,28.83,70.89,10,Cloudy,0,73.73,Winter,,
08-01-2022,S002,P0015,Toys,West,339,117,147,136.52,74.19,10,Rainy,0,70.08,Summer,,
08-01-2022,S002,P0016,Clothing,South,125,34,24,42.41,24.24,20,Cloudy,1,19.87,Spring,,
08-01-2022,S002,P0017,Groceries,West,160,153,56,167.47,81.09,15,Sunny,0,86.01,Spring,,
08-01-2022,S002,P0018,Clothing,South,471,351,36,341.29,97.91,0,Cloudy,0,93.15,Summer,,
08-01-2022,S002,P0019,Toys,West,411,285,72,300.58,20.87,15,Rainy,1,18.88,Autumn,,
08-01-2022,S002,P0020,Toys,East,314,188,67,182.25,89.75,5,Rainy,0,87.28,Autumn,,
08-01-2022,S003,P0001,Clothing,South,370,264,56,282.53,72.31,20,Snowy,1,68.04,Autumn,,
08-01-2022,S003,P0002,Furniture,East,327,50,31,63.85,75.25,10,Rainy,1,72.17,Spring,,
08-01-2022,S003,P0003,Electronics,North,216,12,44,8.86,46.2,10,Sunny,1,45.15,Summer,,
08-01-2022,S003,P0004,Clothing,East,435,250,26,245.77,29.64,0,Cloudy,1,25.93,Autumn,,
08-01-2022,S003,P0005,Furniture,South,477,271,67,284.27,73.61,5,Sunny,0,69.74,Autumn,,
08-01-2022,S003,P0006,Clothing,East,363,189,163,196.74,74.7,10,Rainy,1,79.56,Autumn,,
08-01-2022,S003,P0007,Groceries,West,418,324,30,327.28,73.57,0,Sunny,1,69.12,Winter,,
08-01-2022,S003,P0008,Clothing,East,496,454,56,463.17,19.84,5,Sunny,0,20,Autumn,,
08-01-2022,S003,P0009,Electronics,West,176,104,21,107.37,84.48,0,Rainy,1,88.15,Spring,,
08-01-2022,S003,P0010,Groceries,East,84,6,63,24.13,88.54,20,Snowy,1,92.13,Spring,,
08-01-2022,S003,P0011,Furniture,East,482,480,68,480.66,74.14,20,Snowy,0,73.2,Winter,,
08-01-2022,S003,P0012,Furniture,West,55,3,46,7.02,16.46,5,Snowy,1,17.96,Spring,,
08-01-2022,S003,P0013,Groceries,South,303,11,29,17.37,87.77,0,Sunny,1,85.3,Summer,,
08-01-2022,S003,P0014,Furniture,West,364,60,28,64.74,20.31,10,Cloudy,0,24.85,Summer,,
08-01-2022,S003,P0015,Electronics,South,233,47,145,44.21,97.72,0,Cloudy,0,102.16,Winter,,
08-01-2022,S003,P0016,Clothing,East,81,36,69,33.1,26.65,10,Cloudy,1,28.85,Spring,,
08-01-2022,S003,P0017,Electronics,North,93,85,46,81.22,15.63,20,Snowy,0,18.44,Summer,,
08-01-2022,S003,P0018,Toys,South,117,61,159,57.16,53.53,10,Snowy,0,51.64,Autumn,,
08-01-2022,S003,P0019,Toys,South,109,66,132,70.44,22.67,0,Snowy,0,25.4,Winter,,
08-01-2022,S003,P0020,Electronics,South,156,119,47,122.65,21.01,5,Cloudy,1,19.42,Summer,,
08-01-2022,S004,P0001,Clothing,East,62,23,131,28.07,24.71,20,Cloudy,1,25.11,Spring,,
08-01-2022,S004,P0002,Toys,South,74,25,48,27.36,83.18,5,Rainy,0,85.58,Winter,,
08-01-2022,S004,P0003,Groceries,North,280,214,21,220.31,22.27,10,Snowy,1,20.86,Winter,,
08-01-2022,S004,P0004,Furniture,West,470,450,191,455.48,88.87,5,Rainy,0,93.03,Winter,,
08-01-2022,S004,P0005,Groceries,South,183,148,90,149.58,11.43,20,Snowy,0,16.1,Summer,,
08-01-2022,S004,P0006,Furniture,North,109,69,58,83.8,20.5,15,Snowy,0,20.26,Autumn,,
08-01-2022,S004,P0007,Electronics,North,152,97,105,99.28,56.84,15,Cloudy,0,55.52,Autumn,,
08-01-2022,S004,P0008,Groceries,North,203,161,51,170.06,39.81,10,Rainy,1,39.59,Autumn,,
08-01-2022,S004,P0009,Clothing,North,102,97,177,96.05,65.64,5,Sunny,1,62.4,Spring,,
08-01-2022,S004,P0010,Electronics,North,393,170,187,162.77,15.27,0,Cloudy,0,14.74,Spring,,
08-01-2022,S004,P0011,Toys,West,317,132,48,135.34,32.2,15,Snowy,1,36.91,Autumn,,
08-01-2022,S004,P0012,Furniture,East,163,145,194,147.73,92.42,10,Sunny,0,97.22,Winter,,
08-01-2022,S004,P0013,Electronics,West,386,331,162,342,20.13,20,Snowy,1,24.22,Autumn,,
08-01-2022,S004,P0014,Furniture,East,311,256,168,267.54,51.94,10,Snowy,0,54.91,Winter,,
08-01-2022,S004,P0015,Electronics,North,338,135,145,128.97,19.51,10,Sunny,1,24.3,Spring,,
08-01-2022,S004,P0016,Electronics,North,329,163,56,166.53,81.94,0,Cloudy,1,79.28,Summer,,
08-01-2022,S004,P0017,Toys,South,111,105,85,113.96,94.97,5,Rainy,0,91.43,Summer,,
08-01-2022,S004,P0018,Toys,West,190,39,37,37.83,65.26,20,Cloudy,1,69.04,Summer,,
08-01-2022,S004,P0019,Groceries,East,353,41,174,40.63,21.49,20,Cloudy,1,23.14,Autumn,,
08-01-2022,S004,P0020,Groceries,West,176,59,21,71.18,30.67,15,Sunny,1,25.88,Spring,,
08-01-2022,S005,P0001,Toys,North,107,53,189,62.9,21.2,20,Sunny,0,18.82,Summer,,
08-01-2022,S005,P0002,Clothing,West,196,149,35,142.88,48.65,10,Cloudy,1,45.55,Spring,,
08-01-2022,S005,P0003,Toys,East,341,208,23,202.85,61.05,10,Cloudy,1,62.64,Spring,,
08-01-2022,S005,P0004,Electronics,South,401,61,25,70.2,57.98,20,Rainy,1,60.38,Autumn,,
08-01-2022,S005,P0005,Groceries,East,459,211,35,207.67,10.83,20,Sunny,1,11.86,Summer,,
08-01-2022,S005,P0006,Furniture,North,323,223,111,232.03,61.72,5,Snowy,1,62.81,Spring,,
08-01-2022,S005,P0007,Toys,South,112,93,177,105.58,42.82,5,Sunny,0,45.41,Summer,,
08-01-2022,S005,P0008,Groceries,West,297,150,96,162.16,74,5,Snowy,1,69.22,Autumn,,
08-01-2022,S005,P0009,Toys,East,489,147,81,141.76,21.5,5,Sunny,1,18.34,Spring,,
08-01-2022,S005,P0010,Clothing,East,254,209,57,201.37,72.32,5,Cloudy,1,74.51,Winter,,
08-01-2022,S005,P0011,Groceries,North,137,40,159,55.57,50.72,5,Rainy,0,54.08,Summer,,
08-01-2022,S005,P0012,Toys,West,314,8,78,1.3,44.41,15,Sunny,1,39.42,Autumn,,
08-01-2022,S005,P0013,Groceries,West,365,241,86,239.85,95.4,0,Sunny,1,91.51,Autumn,,
08-01-2022,S005,P0014,Groceries,West,177,8,37,4.09,72.93,10,Sunny,0,72.3,Summer,,
08-01-2022,S005,P0015,Groceries,South,307,230,20,241.79,96.08,0,Rainy,0,92.66,Autumn,,
08-01-2022,S005,P0016,Clothing,South,101,89,162,91.65,19.72,15,Sunny,1,18.2,Summer,,
08-01-2022,S005,P0017,Clothing,East,377,116,49,126.12,60.49,20,Cloudy,1,61.93,Winter,,
08-01-2022,S005,P0018,Furniture,East,448,125,199,131.84,88.88,15,Sunny,0,89.6,Spring,,
08-01-2022,S005,P0019,Furniture,South,135,83,195,100.37,42.53,0,Snowy,1,46.54,Summer,,
08-01-2022,S005,P0020,Groceries,West,383,96,44,107.46,20.84,10,Sunny,1,21.93,Spring,,
09-01-2022,S001,P0001,Electronics,South,373,350,178,352.24,41.72,0,Sunny,1,38.68,Summer,,
09-01-2022,S001,P0002,Clothing,North,142,9,67,28.55,96.33,15,Cloudy,1,95.03,Spring,,
09-01-2022,S001,P0003,Toys,East,153,153,107,147.91,18.67,5,Sunny,1,19.14,Autumn,,
09-01-2022,S001,P0004,Groceries,West,410,5,188,17.43,64.74,15,Snowy,0,65.03,Summer,,
09-01-2022,S001,P0005,Toys,North,471,343,32,353.75,83.56,0,Sunny,0,86.48,Spring,,
09-01-2022,S001,P0006,Groceries,North,199,45,174,41.19,59.23,5,Rainy,0,54.92,Winter,,
09-01-2022,S001,P0007,Electronics,South,81,81,177,98.81,34.2,15,Sunny,1,37.95,Autumn,,
09-01-2022,S001,P0008,Clothing,East,247,194,80,202.27,83.93,10,Snowy,0,84.92,Autumn,,
09-01-2022,S001,P0009,Clothing,West,285,169,46,171.32,75.93,20,Cloudy,1,78.51,Spring,,
09-01-2022,S001,P0010,Toys,South,97,40,148,38.87,69.78,15,Cloudy,1,65.21,Summer,,
09-01-2022,S001,P0011,Groceries,North,361,106,28,123.38,52.18,5,Cloudy,1,50.67,Spring,,
09-01-2022,S001,P0012,Electronics,South,94,50,101,56.16,13.88,20,Rainy,0,13.91,Autumn,,
09-01-2022,S001,P0013,Toys,North,219,85,142,90.58,44.84,20,Sunny,0,44.08,Spring,,
09-01-2022,S001,P0014,Electronics,East,194,51,63,68.07,78.24,5,Snowy,0,79.19,Summer,,
09-01-2022,S001,P0015,Toys,East,424,342,108,340.97,44.74,10,Snowy,1,45.62,Spring,,
09-01-2022,S001,P0016,Electronics,East,458,98,52,100.51,52.49,5,Cloudy,1,49.14,Spring,,
09-01-2022,S001,P0017,Electronics,North,487,418,98,433.88,91.79,5,Snowy,1,90.65,Winter,,
09-01-2022,S001,P0018,Clothing,North,363,316,107,306.77,52.06,5,Rainy,0,50.29,Summer,,
09-01-2022,S001,P0019,Groceries,West,317,284,78,292.13,37.43,5,Snowy,0,33.91,Autumn,,
09-01-2022,S001,P0020,Toys,North,351,55,33,66.56,10.99,0,Cloudy,0,7.6,Spring,,
09-01-2022,S002,P0001,Groceries,South,361,155,102,149.74,78.43,15,Cloudy,1,82.14,Winter,,
09-01-2022,S002,P0002,Toys,North,93,29,101,25.81,96.63,5,Rainy,1,95.9,Winter,,
09-01-2022,S002,P0003,Electronics,North,204,50,179,62.18,58.55,15,Snowy,0,57.36,Autumn,,
09-01-2022,S002,P0004,Electronics,East,240,137,177,144.48,60.26,15,Rainy,1,63.81,Spring,,
09-01-2022,S002,P0005,Toys,South,478,242,102,249.33,94.9,20,Sunny,1,98.8,Autumn,,
09-01-2022,S002,P0006,Groceries,South,170,71,151,69.31,95.07,5,Cloudy,1,90.08,Spring,,
09-01-2022,S002,P0007,Clothing,East,332,237,66,256.19,91.4,15,Cloudy,0,91.21,Winter,,
09-01-2022,S002,P0008,Electronics,West,116,45,152,35.45,81.13,10,Cloudy,1,84.71,Spring,,
09-01-2022,S002,P0009,Electronics,North,306,252,166,258.01,72.99,20,Cloudy,1,71.11,Spring,,
09-01-2022,S002,P0010,Electronics,South,376,222,59,212.54,11.3,10,Cloudy,0,7.69,Winter,,
09-01-2022,S002,P0011,Clothing,East,450,334,155,345.11,91.41,10,Snowy,1,88.3,Winter,,
09-01-2022,S002,P0012,Electronics,South,201,45,141,44.15,51.28,5,Cloudy,0,49.5,Spring,,
09-01-2022,S002,P0013,Furniture,West,344,270,81,289.15,26.81,15,Sunny,1,26.46,Winter,,
09-01-2022,S002,P0014,Toys,North,330,87,101,93.59,23.4,5,Snowy,1,24.43,Summer,,
09-01-2022,S002,P0015,Electronics,West,443,270,162,264.3,71.86,20,Sunny,0,69.87,Autumn,,
09-01-2022,S002,P0016,Furniture,North,219,178,114,179.94,52.98,0,Sunny,1,54.51,Winter,,
09-01-2022,S002,P0017,Electronics,South,100,50,99,62.54,48.77,5,Snowy,1,46.12,Spring,,
09-01-2022,S002,P0018,Furniture,West,96,95,63,103.86,45.68,0,Sunny,1,45.36,Autumn,,
09-01-2022,S002,P0019,Clothing,West,491,45,68,46.59,15.25,15,Sunny,0,20.13,Winter,,
09-01-2022,S002,P0020,Clothing,East,421,391,48,397.01,99.92,15,Snowy,1,95.92,Winter,,
09-01-2022,S003,P0001,Clothing,East,139,112,66,106.74,84.48,0,Snowy,0,89.23,Summer,,
09-01-2022,S003,P0002,Groceries,North,363,337,95,336.29,45.42,5,Sunny,0,48.52,Autumn,,
09-01-2022,S003,P0003,Groceries,East,159,98,47,112.01,71.37,10,Rainy,1,69.07,Summer,,
09-01-2022,S003,P0004,Electronics,East,252,34,150,43.23,30.87,20,Snowy,1,35.29,Spring,,
09-01-2022,S003,P0005,Furniture,West,418,4,143,-1.33,60.22,0,Cloudy,1,58.63,Summer,,
09-01-2022,S003,P0006,Toys,East,248,65,138,59.54,82.33,15,Rainy,0,80.8,Spring,,
09-01-2022,S003,P0007,Clothing,North,440,21,49,13.86,51.57,20,Cloudy,1,49.43,Summer,,
09-01-2022,S003,P0008,Clothing,South,267,100,134,106.79,22.73,5,Cloudy,1,25.27,Autumn,,
09-01-2022,S003,P0009,Electronics,South,427,331,128,343.88,32.9,20,Snowy,0,36.09,Summer,,
09-01-2022,S003,P0010,Toys,East,60,40,65,51.32,85.57,20,Rainy,0,82.49,Spring,,
09-01-2022,S003,P0011,Clothing,West,421,48,99,63.04,87.39,5,Cloudy,1,87.16,Summer,,
09-01-2022,S003,P0012,Electronics,East,398,393,149,388.39,78.81,10,Sunny,1,81.37,Spring,,
09-01-2022,S003,P0013,Groceries,East,223,116,35,126.41,26.29,15,Cloudy,1,22.02,Spring,,
09-01-2022,S003,P0014,Electronics,West,495,198,146,205.97,82.3,15,Rainy,0,86.23,Autumn,,
09-01-2022,S003,P0015,Electronics,South,90,67,92,68.42,15.65,15,Snowy,1,18.07,Summer,,
09-01-2022,S003,P0016,Clothing,West,227,55,77,73.48,63.07,20,Sunny,0,60.96,Spring,,
09-01-2022,S003,P0017,Clothing,North,488,312,171,312.76,27.22,0,Snowy,0,24.53,Summer,,
09-01-2022,S003,P0018,Groceries,North,260,169,33,179.09,35.56,10,Cloudy,1,37.14,Winter,,
09-01-2022,S003,P0019,Furniture,West,419,141,124,160.89,32.55,20,Snowy,0,32.84,Winter,,
09-01-2022,S003,P0020,Electronics,North,486,225,190,216.77,83.51,15,Sunny,1,86.47,Summer,,
09-01-2022,S004,P0001,Clothing,West,391,253,163,250.85,80.62,0,Rainy,0,79.01,Autumn,,
09-01-2022,S004,P0002,Toys,North,211,74,131,89.7,98.46,5,Snowy,1,101.18,Summer,,
09-01-2022,S004,P0003,Toys,East,306,58,54,64.75,89.88,10,Snowy,0,94.46,Spring,,
09-01-2022,S004,P0004,Electronics,North,311,117,88,121.07,52.5,20,Snowy,1,54.96,Summer,,
09-01-2022,S004,P0005,Electronics,East,387,242,128,239.56,97.22,15,Cloudy,1,96.74,Winter,,
09-01-2022,S004,P0006,Electronics,East,120,97,111,108.83,65.21,5,Sunny,0,64.54,Winter,,
09-01-2022,S004,P0007,Clothing,West,393,239,104,236.49,59.25,20,Cloudy,1,57.58,Winter,,
09-01-2022,S004,P0008,Clothing,West,310,307,51,319.38,46.11,20,Rainy,0,41.37,Summer,,
09-01-2022,S004,P0009,Toys,North,436,250,194,247.52,88.74,15,Rainy,0,87.46,Spring,,
09-01-2022,S004,P0010,Furniture,North,356,57,165,70.92,72.52,5,Rainy,1,77.37,Autumn,,
09-01-2022,S004,P0011,Furniture,East,203,156,75,153.2,34.38,0,Rainy,0,31.76,Autumn,,
09-01-2022,S004,P0012,Toys,South,259,175,171,192.43,53.55,5,Snowy,0,52.61,Summer,,
09-01-2022,S004,P0013,Electronics,South,192,6,151,5.33,40.8,15,Rainy,1,38.42,Autumn,,
09-01-2022,S004,P0014,Toys,West,470,3,79,14.41,22.99,20,Snowy,0,26.24,Autumn,,
09-01-2022,S004,P0015,Electronics,North,173,14,150,23.41,94.54,0,Rainy,1,89.88,Spring,,
09-01-2022,S004,P0016,Toys,North,218,85,134,82.18,45.82,10,Rainy,0,44.57,Summer,,
09-01-2022,S004,P0017,Toys,West,241,222,75,219.47,75.5,10,Snowy,1,79.83,Autumn,,
09-01-2022,S004,P0018,Groceries,East,416,259,197,271.23,19.47,15,Rainy,1,15.6,Winter,,
09-01-2022,S004,P0019,Furniture,South,313,59,143,73.6,89.82,5,Rainy,1,92.02,Autumn,,
09-01-2022,S004,P0020,Toys,West,249,245,139,250.65,61.06,15,Snowy,1,59.95,Winter,,
09-01-2022,S005,P0001,Toys,West,412,408,114,407.25,89.6,20,Rainy,0,94.16,Winter,,
09-01-2022,S005,P0002,Clothing,East,359,178,97,172.45,78.44,20,Rainy,0,75.44,Autumn,,
09-01-2022,S005,P0003,Clothing,West,107,28,192,43.08,13.88,0,Sunny,0,11.35,Autumn,,
09-01-2022,S005,P0004,Toys,West,175,72,133,74.53,21.72,5,Sunny,0,25.34,Summer,,
09-01-2022,S005,P0005,Furniture,North,267,101,67,106.31,90.11,10,Rainy,0,85.86,Autumn,,
09-01-2022,S005,P0006,Clothing,South,266,151,27,157.09,55.34,5,Snowy,1,52.57,Summer,,
09-01-2022,S005,P0007,Electronics,East,463,384,53,382.37,40.06,15,Sunny,0,43.5,Autumn,,
09-01-2022,S005,P0008,Furniture,North,131,123,94,132.65,49.76,5,Rainy,0,44.85,Autumn,,
09-01-2022,S005,P0009,Toys,South,249,207,176,199.24,88.92,15,Snowy,0,87.53,Spring,,
09-01-2022,S005,P0010,Toys,East,225,98,56,94.99,91.41,0,Snowy,1,92.16,Spring,,
09-01-2022,S005,P0011,Clothing,East,418,338,109,330.41,54.48,20,Sunny,0,53.24,Winter,,
09-01-2022,S005,P0012,Groceries,West,156,152,113,159.59,95.44,0,Cloudy,0,95.95,Autumn,,
09-01-2022,S005,P0013,Clothing,North,278,253,65,269.96,41.74,5,Sunny,1,44.33,Autumn,,
09-01-2022,S005,P0014,Electronics,South,486,304,171,296.09,55.76,5,Sunny,0,51.67,Spring,,
09-01-2022,S005,P0015,Electronics,West,80,19,186,36.63,10.4,20,Rainy,0,11.15,Autumn,,
09-01-2022,S005,P0016,Clothing,North,282,222,166,215.32,41.91,0,Snowy,1,46.88,Winter,,
09-01-2022,S005,P0017,Electronics,North,412,200,27,196.83,50.57,5,Rainy,0,48.42,Autumn,,
09-01-2022,S005,P0018,Electronics,North,281,113,148,129.24,79.83,5,Rainy,0,81.85,Winter,,
09-01-2022,S005,P0019,Furniture,East,274,148,91,164.34,34.29,5,Snowy,0,29.39,Autumn,,
09-01-2022,S005,P0020,Furniture,East,445,214,147,220.09,17.26,5,Sunny,1,14.58,Autumn,,
10-01-2022,S001,P0001,Electronics,West,327,36,132,39.5,32.68,5,Snowy,1,34.71,Summer,,
10-01-2022,S001,P0002,Toys,South,222,183,121,173.86,42.03,5,Rainy,0,41.89,Autumn,,
10-01-2022,S001,P0003,Groceries,West,120,38,177,31.02,29.15,10,Snowy,0,24.21,Spring,,
10-01-2022,S001,P0004,Electronics,East,147,18,124,15.62,74.05,20,Cloudy,1,76.45,Summer,,
10-01-2022,S001,P0005,Toys,East,120,59,108,76.93,23.43,20,Cloudy,1,19.08,Winter,,
10-01-2022,S001,P0006,Toys,West,346,151,57,150.5,27.82,5,Snowy,0,25.22,Spring,,
10-01-2022,S001,P0007,Clothing,South,481,323,113,317.12,84.01,0,Rainy,0,82.9,Autumn,,
10-01-2022,S001,P0008,Furniture,West,318,76,189,70.45,48.96,5,Cloudy,0,47.4,Summer,,
10-01-2022,S001,P0009,Toys,North,170,138,162,141.94,43.24,0,Cloudy,1,42.57,Spring,,
10-01-2022,S001,P0010,Clothing,East,324,113,82,111.02,63.67,0,Snowy,0,60.13,Autumn,,
10-01-2022,S001,P0011,Clothing,North,393,88,146,89.39,11.14,0,Cloudy,1,12.33,Spring,,
10-01-2022,S001,P0012,Groceries,West,444,16,158,8.63,18.93,10,Cloudy,1,19.04,Spring,,
10-01-2022,S001,P0013,Clothing,North,495,284,188,294.19,86.6,10,Sunny,1,83.44,Autumn,,
10-01-2022,S001,P0014,Furniture,West,282,269,139,288.12,24.95,0,Snowy,1,22.85,Autumn,,
10-01-2022,S001,P0015,Clothing,East,413,381,66,394,56.71,20,Sunny,0,56.78,Summer,,
10-01-2022,S001,P0016,Clothing,North,230,80,44,99.31,58.05,20,Snowy,1,53.34,Winter,,
10-01-2022,S001,P0017,Clothing,West,301,84,191,90.29,83.04,0,Cloudy,0,80.87,Spring,,
10-01-2022,S001,P0018,Furniture,West,263,8,59,11.98,81.47,20,Sunny,1,83.82,Spring,,
10-01-2022,S001,P0019,Clothing,North,100,65,50,68.14,46.67,5,Cloudy,0,50.75,Winter,,
10-01-2022,S001,P0020,Electronics,North,343,221,96,214.44,24.61,5,Cloudy,0,23.61,Summer,,
10-01-2022,S002,P0001,Groceries,West,117,42,158,56.12,31.79,5,Snowy,0,29.67,Autumn,,
10-01-2022,S002,P0002,Toys,East,114,70,191,61.73,36.13,20,Cloudy,0,32.2,Autumn,,
10-01-2022,S002,P0003,Furniture,South,127,11,181,15.25,49.6,5,Sunny,1,50.07,Spring,,
10-01-2022,S002,P0004,Clothing,North,141,54,122,62.16,38.68,20,Cloudy,0,34.54,Winter,,
10-01-2022,S002,P0005,Groceries,South,280,36,166,26.1,10.06,5,Snowy,1,7.89,Winter,,
10-01-2022,S002,P0006,Toys,West,341,229,145,226.45,62.31,5,Snowy,0,66.62,Winter,,
10-01-2022,S002,P0007,Toys,West,229,94,50,107.56,48.84,5,Snowy,0,45.8,Summer,,
10-01-2022,S002,P0008,Groceries,West,248,212,82,227.94,24.63,5,Cloudy,1,28.34,Winter,,
10-01-2022,S002,P0009,Toys,East,335,178,157,181.48,87.82,20,Snowy,0,91.32,Winter,,
10-01-2022,S002,P0010,Electronics,West,416,300,197,304.96,63.39,15,Snowy,1,60.96,Autumn,,
10-01-2022,S002,P0011,Toys,South,481,345,122,355.64,56.76,10,Sunny,1,55.94,Summer,,
10-01-2022,S002,P0012,Clothing,South,170,147,77,162.71,33.95,15,Sunny,1,34.5,Spring,,
10-01-2022,S002,P0013,Furniture,West,213,104,46,122.12,30.8,15,Snowy,1,26.83,Summer,,
10-01-2022,S002,P0014,Groceries,South,293,73,25,64.18,48.94,10,Rainy,0,51.54,Autumn,,
10-01-2022,S002,P0015,Groceries,South,350,293,81,293.45,31.05,10,Rainy,1,34.23,Spring,,
10-01-2022,S002,P0016,Electronics,South,355,71,149,63.71,44.98,0,Cloudy,1,46.57,Winter,,
10-01-2022,S002,P0017,Furniture,South,373,21,85,29.29,91.69,20,Cloudy,0,89.07,Winter,,
10-01-2022,S002,P0018,Furniture,North,292,22,129,21.8,26.6,10,Rainy,0,29.87,Spring,,
10-01-2022,S002,P0019,Toys,East,447,31,52,21.94,84.73,10,Snowy,0,85.3,Spring,,
10-01-2022,S002,P0020,Groceries,East,287,259,151,270.1,95.77,5,Rainy,1,92.6,Summer,,
10-01-2022,S003,P0001,Toys,South,126,57,61,59.64,21.01,15,Rainy,1,24.33,Spring,,
10-01-2022,S003,P0002,Clothing,East,85,79,68,72.88,40.83,5,Rainy,1,37.97,Autumn,,
10-01-2022,S003,P0003,Furniture,North,84,7,195,9.75,67.15,15,Snowy,0,66.45,Winter,,
10-01-2022,S003,P0004,Clothing,West,209,92,54,105.52,94.47,0,Snowy,0,92.82,Spring,,
10-01-2022,S003,P0005,Groceries,West,260,248,190,262.45,15.86,20,Rainy,0,19.76,Autumn,,
10-01-2022,S003,P0006,Toys,East,134,89,159,90.46,77.71,10,Cloudy,1,73.15,Autumn,,
10-01-2022,S003,P0007,Clothing,North,421,120,45,139.15,24.06,0,Sunny,1,27.82,Winter,,
10-01-2022,S003,P0008,Furniture,South,318,216,57,207.11,96.13,15,Rainy,0,96.95,Spring,,
10-01-2022,S003,P0009,Furniture,North,342,335,169,335.31,22.27,10,Sunny,1,22.9,Winter,,
10-01-2022,S003,P0010,Electronics,North,217,158,176,148.76,37.11,20,Sunny,1,39.36,Summer,,
10-01-2022,S003,P0011,Electronics,North,459,91,23,82.67,76.21,0,Cloudy,0,74.7,Spring,,
10-01-2022,S003,P0012,Furniture,South,456,320,35,315.25,47.54,10,Rainy,1,50.18,Winter,,
10-01-2022,S003,P0013,Furniture,East,436,67,123,82.23,87.82,0,Cloudy,0,83.78,Winter,,
10-01-2022,S003,P0014,Groceries,West,274,79,117,85.44,63.08,20,Rainy,0,64.97,Autumn,,
10-01-2022,S003,P0015,Toys,West,450,84,142,79.33,10.85,5,Rainy,1,14,Spring,,
10-01-2022,S003,P0016,Toys,South,166,87,83,99.16,75.19,5,Cloudy,0,78.92,Winter,,
10-01-2022,S003,P0017,Electronics,South,174,18,37,12.75,67.68,10,Cloudy,0,67.99,Autumn,,
10-01-2022,S003,P0018,Electronics,North,413,369,98,365.01,45.57,15,Snowy,1,42.36,Summer,,
10-01-2022,S003,P0019,Clothing,West,408,170,20,164.18,95.52,0,Cloudy,0,93.62,Summer,,
10-01-2022,S003,P0020,Clothing,West,257,192,198,201.77,66.95,20,Cloudy,1,71.86,Summer,,
10-01-2022,S004,P0001,Groceries,East,310,280,145,279.05,20.82,0,Cloudy,0,17.27,Winter,,
10-01-2022,S004,P0002,Clothing,East,248,236,82,243.09,96,0,Snowy,0,98.28,Winter,,
10-01-2022,S004,P0003,Toys,West,161,107,53,101.45,85.09,0,Rainy,1,82.52,Summer,,
10-01-2022,S004,P0004,Furniture,South,94,40,173,40.99,45.22,5,Sunny,1,43.46,Spring,,
10-01-2022,S004,P0005,Toys,North,80,27,80,25.55,98.97,10,Cloudy,1,100.43,Autumn,,
10-01-2022,S004,P0006,Toys,North,130,102,94,110.85,23.47,0,Sunny,0,28.37,Spring,,
10-01-2022,S004,P0007,Clothing,West,299,110,87,100.75,73.43,10,Sunny,1,70.42,Autumn,,
10-01-2022,S004,P0008,Electronics,North,390,135,68,141.9,71.06,10,Rainy,0,71.8,Winter,,
10-01-2022,S004,P0009,Groceries,East,62,12,24,22.88,52.85,5,Snowy,0,49.41,Autumn,,
10-01-2022,S004,P0010,Groceries,South,359,259,26,250.33,89.31,0,Rainy,1,88.85,Autumn,,
10-01-2022,S004,P0011,Groceries,North,461,110,47,127.48,82.33,15,Sunny,1,78.97,Spring,,
10-01-2022,S004,P0012,Clothing,East,91,53,160,51.14,65.05,10,Snowy,1,67.32,Summer,,
10-01-2022,S004,P0013,Furniture,West,175,35,169,27.92,64.37,20,Cloudy,0,62.68,Spring,,
10-01-2022,S004,P0014,Electronics,West,496,349,155,355.24,75.88,15,Snowy,1,71.65,Autumn,,
10-01-2022,S004,P0015,Groceries,South,190,178,102,175.65,52.89,10,Snowy,0,55.83,Winter,,
10-01-2022,S004,P0016,Clothing,West,419,201,141,202.21,78.7,0,Cloudy,1,82.16,Winter,,
10-01-2022,S004,P0017,Furniture,South,381,264,98,277.98,16.08,10,Snowy,1,13.32,Spring,,
10-01-2022,S004,P0018,Groceries,North,66,35,106,36.58,72.14,20,Rainy,0,74.88,Spring,,
10-01-2022,S004,P0019,Electronics,West,103,73,87,72.79,52.67,10,Cloudy,0,50.56,Spring,,
10-01-2022,S004,P0020,Electronics,West,427,215,154,207.04,49.52,10,Sunny,1,53.69,Spring,,
10-01-2022,S005,P0001,Furniture,West,101,23,102,18.75,30.18,15,Cloudy,1,26.91,Summer,,
10-01-2022,S005,P0002,Clothing,North,499,211,159,220.04,56.35,10,Rainy,1,58.67,Summer,,
10-01-2022,S005,P0003,Electronics,South,180,28,146,43.2,56.87,5,Snowy,1,61.07,Autumn,,
10-01-2022,S005,P0004,Furniture,North,58,40,149,48.74,77.7,20,Snowy,1,74.51,Winter,,
10-01-2022,S005,P0005,Electronics,East,153,112,185,109.37,31.47,5,Snowy,1,35,Spring,,
10-01-2022,S005,P0006,Clothing,South,142,112,180,131.57,86.12,0,Rainy,0,82.46,Summer,,
10-01-2022,S005,P0007,Furniture,East,157,140,110,133.11,81.91,0,Cloudy,0,81.5,Winter,,
10-01-2022,S005,P0008,Groceries,North,129,94,137,108.16,82.5,15,Rainy,0,87.39,Spring,,
10-01-2022,S005,P0009,Groceries,North,420,177,62,181.88,70.69,5,Rainy,1,73.15,Summer,,
10-01-2022,S005,P0010,Electronics,South,225,209,185,222.54,21.75,5,Snowy,0,23.91,Spring,,
10-01-2022,S005,P0011,Groceries,North,434,46,145,51.3,60.87,15,Cloudy,1,60,Autumn,,
10-01-2022,S005,P0012,Toys,South,102,62,68,77.34,79,10,Rainy,0,75.64,Spring,,
10-01-2022,S005,P0013,Groceries,East,276,176,120,183.7,33.77,0,Snowy,0,30.48,Spring,,
10-01-2022,S005,P0014,Electronics,North,112,21,111,13.92,80.06,5,Sunny,0,78.11,Winter,,
10-01-2022,S005,P0015,Furniture,West,494,300,31,311.48,61.44,0,Sunny,0,60.36,Winter,,
10-01-2022,S005,P0016,Groceries,East,407,103,90,107.56,60.15,15,Sunny,1,64.52,Winter,,
10-01-2022,S005,P0017,Furniture,East,308,266,164,259.6,31.07,20,Rainy,1,30.57,Summer,,
10-01-2022,S005,P0018,Furniture,South,331,235,49,234.25,22.58,20,Cloudy,1,27.56,Summer,,
10-01-2022,S005,P0019,Electronics,East,481,154,169,169.61,85.04,5,Cloudy,0,82.62,Autumn,,
